province,city,county,code
新疆维吾尔自治区,NA,NA,65
新疆维吾尔自治区,乌鲁木齐市,NA,650100000000
新疆维吾尔自治区,克拉玛依市,NA,650200000000
新疆维吾尔自治区,吐鲁番市,NA,650400000000
新疆维吾尔自治区,哈密市,NA,650500000000
新疆维吾尔自治区,昌吉回族自治州,NA,652300000000
新疆维吾尔自治区,博尔塔拉蒙古自治州,NA,652700000000
新疆维吾尔自治区,巴音郭楞蒙古自治州,NA,652800000000
新疆维吾尔自治区,阿克苏地区,NA,652900000000
新疆维吾尔自治区,克孜勒苏柯尔克孜自治州,NA,653000000000
新疆维吾尔自治区,喀什地区,NA,653100000000
新疆维吾尔自治区,和田地区,NA,653200000000
新疆维吾尔自治区,伊犁哈萨克自治州,NA,654000000000
新疆维吾尔自治区,塔城地区,NA,654200000000
新疆维吾尔自治区,阿勒泰地区,NA,654300000000
新疆维吾尔自治区,自治区直辖县级行政区划,NA,659000000000
新疆维吾尔自治区,乌鲁木齐市,市辖区,650101000000
新疆维吾尔自治区,乌鲁木齐市,天山区,650102000000
新疆维吾尔自治区,乌鲁木齐市,沙依巴克区,650103000000
新疆维吾尔自治区,乌鲁木齐市,新市区,650104000000
新疆维吾尔自治区,乌鲁木齐市,水磨沟区,650105000000
新疆维吾尔自治区,乌鲁木齐市,头屯河区,650106000000
新疆维吾尔自治区,乌鲁木齐市,达坂城区,650107000000
新疆维吾尔自治区,乌鲁木齐市,米东区,650109000000
新疆维吾尔自治区,乌鲁木齐市,乌鲁木齐县,650121000000
新疆维吾尔自治区,克拉玛依市,市辖区,650201000000
新疆维吾尔自治区,克拉玛依市,独山子区,650202000000
新疆维吾尔自治区,克拉玛依市,克拉玛依区,650203000000
新疆维吾尔自治区,克拉玛依市,白碱滩区,650204000000
新疆维吾尔自治区,克拉玛依市,乌尔禾区,650205000000
新疆维吾尔自治区,吐鲁番市,高昌区,650402000000
新疆维吾尔自治区,吐鲁番市,鄯善县,650421000000
新疆维吾尔自治区,吐鲁番市,托克逊县,650422000000
新疆维吾尔自治区,哈密市,伊州区,650502000000
新疆维吾尔自治区,哈密市,巴里坤哈萨克自治县,650521000000
新疆维吾尔自治区,哈密市,伊吾县,650522000000
新疆维吾尔自治区,昌吉回族自治州,昌吉市,652301000000
新疆维吾尔自治区,昌吉回族自治州,阜康市,652302000000
新疆维吾尔自治区,昌吉回族自治州,呼图壁县,652323000000
新疆维吾尔自治区,昌吉回族自治州,玛纳斯县,652324000000
新疆维吾尔自治区,昌吉回族自治州,奇台县,652325000000
新疆维吾尔自治区,昌吉回族自治州,吉木萨尔县,652327000000
新疆维吾尔自治区,昌吉回族自治州,木垒哈萨克自治县,652328000000
新疆维吾尔自治区,博尔塔拉蒙古自治州,博乐市,652701000000
新疆维吾尔自治区,博尔塔拉蒙古自治州,阿拉山口市,652702000000
新疆维吾尔自治区,博尔塔拉蒙古自治州,精河县,652722000000
新疆维吾尔自治区,博尔塔拉蒙古自治州,温泉县,652723000000
新疆维吾尔自治区,巴音郭楞蒙古自治州,库尔勒市,652801000000
新疆维吾尔自治区,巴音郭楞蒙古自治州,轮台县,652822000000
新疆维吾尔自治区,巴音郭楞蒙古自治州,尉犁县,652823000000
新疆维吾尔自治区,巴音郭楞蒙古自治州,若羌县,652824000000
新疆维吾尔自治区,巴音郭楞蒙古自治州,且末县,652825000000
新疆维吾尔自治区,巴音郭楞蒙古自治州,焉耆回族自治县,652826000000
新疆维吾尔自治区,巴音郭楞蒙古自治州,和静县,652827000000
新疆维吾尔自治区,巴音郭楞蒙古自治州,和硕县,652828000000
新疆维吾尔自治区,巴音郭楞蒙古自治州,博湖县,652829000000
新疆维吾尔自治区,巴音郭楞蒙古自治州,库尔勒经济技术开发区,652871000000
新疆维吾尔自治区,阿克苏地区,阿克苏市,652901000000
新疆维吾尔自治区,阿克苏地区,库车市,652902000000
新疆维吾尔自治区,阿克苏地区,温宿县,652922000000
新疆维吾尔自治区,阿克苏地区,沙雅县,652924000000
新疆维吾尔自治区,阿克苏地区,新和县,652925000000
新疆维吾尔自治区,阿克苏地区,拜城县,652926000000
新疆维吾尔自治区,阿克苏地区,乌什县,652927000000
新疆维吾尔自治区,阿克苏地区,阿瓦提县,652928000000
新疆维吾尔自治区,阿克苏地区,柯坪县,652929000000
新疆维吾尔自治区,克孜勒苏柯尔克孜自治州,阿图什市,653001000000
新疆维吾尔自治区,克孜勒苏柯尔克孜自治州,阿克陶县,653022000000
新疆维吾尔自治区,克孜勒苏柯尔克孜自治州,阿合奇县,653023000000
新疆维吾尔自治区,克孜勒苏柯尔克孜自治州,乌恰县,653024000000
新疆维吾尔自治区,喀什地区,喀什市,653101000000
新疆维吾尔自治区,喀什地区,疏附县,653121000000
新疆维吾尔自治区,喀什地区,疏勒县,653122000000
新疆维吾尔自治区,喀什地区,英吉沙县,653123000000
新疆维吾尔自治区,喀什地区,泽普县,653124000000
新疆维吾尔自治区,喀什地区,莎车县,653125000000
新疆维吾尔自治区,喀什地区,叶城县,653126000000
新疆维吾尔自治区,喀什地区,麦盖提县,653127000000
新疆维吾尔自治区,喀什地区,岳普湖县,653128000000
新疆维吾尔自治区,喀什地区,伽师县,653129000000
新疆维吾尔自治区,喀什地区,巴楚县,653130000000
新疆维吾尔自治区,喀什地区,塔什库尔干塔吉克自治县,653131000000
新疆维吾尔自治区,和田地区,和田市,653201000000
新疆维吾尔自治区,和田地区,和田县,653221000000
新疆维吾尔自治区,和田地区,墨玉县,653222000000
新疆维吾尔自治区,和田地区,皮山县,653223000000
新疆维吾尔自治区,和田地区,洛浦县,653224000000
新疆维吾尔自治区,和田地区,策勒县,653225000000
新疆维吾尔自治区,和田地区,于田县,653226000000
新疆维吾尔自治区,和田地区,民丰县,653227000000
新疆维吾尔自治区,伊犁哈萨克自治州,伊宁市,654002000000
新疆维吾尔自治区,伊犁哈萨克自治州,奎屯市,654003000000
新疆维吾尔自治区,伊犁哈萨克自治州,霍尔果斯市,654004000000
新疆维吾尔自治区,伊犁哈萨克自治州,伊宁县,654021000000
新疆维吾尔自治区,伊犁哈萨克自治州,察布查尔锡伯自治县,654022000000
新疆维吾尔自治区,伊犁哈萨克自治州,霍城县,654023000000
新疆维吾尔自治区,伊犁哈萨克自治州,巩留县,654024000000
新疆维吾尔自治区,伊犁哈萨克自治州,新源县,654025000000
新疆维吾尔自治区,伊犁哈萨克自治州,昭苏县,654026000000
新疆维吾尔自治区,伊犁哈萨克自治州,特克斯县,654027000000
新疆维吾尔自治区,伊犁哈萨克自治州,尼勒克县,654028000000
新疆维吾尔自治区,塔城地区,塔城市,654201000000
新疆维吾尔自治区,塔城地区,乌苏市,654202000000
新疆维吾尔自治区,塔城地区,沙湾市,654203000000
新疆维吾尔自治区,塔城地区,额敏县,654221000000
新疆维吾尔自治区,塔城地区,托里县,654224000000
新疆维吾尔自治区,塔城地区,裕民县,654225000000
新疆维吾尔自治区,塔城地区,和布克赛尔蒙古自治县,654226000000
新疆维吾尔自治区,阿勒泰地区,阿勒泰市,654301000000
新疆维吾尔自治区,阿勒泰地区,布尔津县,654321000000
新疆维吾尔自治区,阿勒泰地区,富蕴县,654322000000
新疆维吾尔自治区,阿勒泰地区,福海县,654323000000
新疆维吾尔自治区,阿勒泰地区,哈巴河县,654324000000
新疆维吾尔自治区,阿勒泰地区,青河县,654325000000
新疆维吾尔自治区,阿勒泰地区,吉木乃县,654326000000
新疆维吾尔自治区,自治区直辖县级行政区划,石河子市,659001000000
新疆维吾尔自治区,自治区直辖县级行政区划,阿拉尔市,659002000000
新疆维吾尔自治区,自治区直辖县级行政区划,图木舒克市,659003000000
新疆维吾尔自治区,自治区直辖县级行政区划,五家渠市,659004000000
新疆维吾尔自治区,自治区直辖县级行政区划,北屯市,659005000000
新疆维吾尔自治区,自治区直辖县级行政区划,铁门关市,659006000000
新疆维吾尔自治区,自治区直辖县级行政区划,双河市,659007000000
新疆维吾尔自治区,自治区直辖县级行政区划,可克达拉市,659008000000
新疆维吾尔自治区,自治区直辖县级行政区划,昆玉市,659009000000
新疆维吾尔自治区,自治区直辖县级行政区划,胡杨河市,659010000000
新疆维吾尔自治区,自治区直辖县级行政区划,新星市,659011000000
山西省,NA,NA,14
山西省,太原市,NA,140100000000
山西省,大同市,NA,140200000000
山西省,阳泉市,NA,140300000000
山西省,长治市,NA,140400000000
山西省,晋城市,NA,140500000000
山西省,朔州市,NA,140600000000
山西省,晋中市,NA,140700000000
山西省,运城市,NA,140800000000
山西省,忻州市,NA,140900000000
山西省,临汾市,NA,141000000000
山西省,吕梁市,NA,141100000000
山西省,太原市,市辖区,140101000000
山西省,太原市,小店区,140105000000
山西省,太原市,迎泽区,140106000000
山西省,太原市,杏花岭区,140107000000
山西省,太原市,尖草坪区,140108000000
山西省,太原市,万柏林区,140109000000
山西省,太原市,晋源区,140110000000
山西省,太原市,清徐县,140121000000
山西省,太原市,阳曲县,140122000000
山西省,太原市,娄烦县,140123000000
山西省,太原市,山西转型综合改革示范区,140171000000
山西省,太原市,古交市,140181000000
山西省,大同市,市辖区,140201000000
山西省,大同市,新荣区,140212000000
山西省,大同市,平城区,140213000000
山西省,大同市,云冈区,140214000000
山西省,大同市,云州区,140215000000
山西省,大同市,阳高县,140221000000
山西省,大同市,天镇县,140222000000
山西省,大同市,广灵县,140223000000
山西省,大同市,灵丘县,140224000000
山西省,大同市,浑源县,140225000000
山西省,大同市,左云县,140226000000
山西省,大同市,山西大同经济开发区,140271000000
山西省,阳泉市,市辖区,140301000000
山西省,阳泉市,城区,140302000000
山西省,阳泉市,矿区,140303000000
山西省,阳泉市,郊区,140311000000
山西省,阳泉市,平定县,140321000000
山西省,阳泉市,盂县,140322000000
山西省,长治市,市辖区,140401000000
山西省,长治市,潞州区,140403000000
山西省,长治市,上党区,140404000000
山西省,长治市,屯留区,140405000000
山西省,长治市,潞城区,140406000000
山西省,长治市,襄垣县,140423000000
山西省,长治市,平顺县,140425000000
山西省,长治市,黎城县,140426000000
山西省,长治市,壶关县,140427000000
山西省,长治市,长子县,140428000000
山西省,长治市,武乡县,140429000000
山西省,长治市,沁县,140430000000
山西省,长治市,沁源县,140431000000
山西省,长治市,山西长治高新技术产业园区,140471000000
山西省,晋城市,市辖区,140501000000
山西省,晋城市,城区,140502000000
山西省,晋城市,沁水县,140521000000
山西省,晋城市,阳城县,140522000000
山西省,晋城市,陵川县,140524000000
山西省,晋城市,泽州县,140525000000
山西省,晋城市,高平市,140581000000
山西省,朔州市,市辖区,140601000000
山西省,朔州市,朔城区,140602000000
山西省,朔州市,平鲁区,140603000000
山西省,朔州市,山阴县,140621000000
山西省,朔州市,应县,140622000000
山西省,朔州市,右玉县,140623000000
山西省,朔州市,山西朔州经济开发区,140671000000
山西省,朔州市,怀仁市,140681000000
山西省,晋中市,市辖区,140701000000
山西省,晋中市,榆次区,140702000000
山西省,晋中市,太谷区,140703000000
山西省,晋中市,榆社县,140721000000
山西省,晋中市,左权县,140722000000
山西省,晋中市,和顺县,140723000000
山西省,晋中市,昔阳县,140724000000
山西省,晋中市,寿阳县,140725000000
山西省,晋中市,祁县,140727000000
山西省,晋中市,平遥县,140728000000
山西省,晋中市,灵石县,140729000000
山西省,晋中市,介休市,140781000000
山西省,运城市,市辖区,140801000000
山西省,运城市,盐湖区,140802000000
山西省,运城市,临猗县,140821000000
山西省,运城市,万荣县,140822000000
山西省,运城市,闻喜县,140823000000
山西省,运城市,稷山县,140824000000
山西省,运城市,新绛县,140825000000
山西省,运城市,绛县,140826000000
山西省,运城市,垣曲县,140827000000
山西省,运城市,夏县,140828000000
山西省,运城市,平陆县,140829000000
山西省,运城市,芮城县,140830000000
山西省,运城市,永济市,140881000000
山西省,运城市,河津市,140882000000
山西省,忻州市,市辖区,140901000000
山西省,忻州市,忻府区,140902000000
山西省,忻州市,定襄县,140921000000
山西省,忻州市,五台县,140922000000
山西省,忻州市,代县,140923000000
山西省,忻州市,繁峙县,140924000000
山西省,忻州市,宁武县,140925000000
山西省,忻州市,静乐县,140926000000
山西省,忻州市,神池县,140927000000
山西省,忻州市,五寨县,140928000000
山西省,忻州市,岢岚县,140929000000
山西省,忻州市,河曲县,140930000000
山西省,忻州市,保德县,140931000000
山西省,忻州市,偏关县,140932000000
山西省,忻州市,五台山风景名胜区,140971000000
山西省,忻州市,原平市,140981000000
山西省,临汾市,市辖区,141001000000
山西省,临汾市,尧都区,141002000000
山西省,临汾市,曲沃县,141021000000
山西省,临汾市,翼城县,141022000000
山西省,临汾市,襄汾县,141023000000
山西省,临汾市,洪洞县,141024000000
山西省,临汾市,古县,141025000000
山西省,临汾市,安泽县,141026000000
山西省,临汾市,浮山县,141027000000
山西省,临汾市,吉县,141028000000
山西省,临汾市,乡宁县,141029000000
山西省,临汾市,大宁县,141030000000
山西省,临汾市,隰县,141031000000
山西省,临汾市,永和县,141032000000
山西省,临汾市,蒲县,141033000000
山西省,临汾市,汾西县,141034000000
山西省,临汾市,侯马市,141081000000
山西省,临汾市,霍州市,141082000000
山西省,吕梁市,市辖区,141101000000
山西省,吕梁市,离石区,141102000000
山西省,吕梁市,文水县,141121000000
山西省,吕梁市,交城县,141122000000
山西省,吕梁市,兴县,141123000000
山西省,吕梁市,临县,141124000000
山西省,吕梁市,柳林县,141125000000
山西省,吕梁市,石楼县,141126000000
山西省,吕梁市,岚县,141127000000
山西省,吕梁市,方山县,141128000000
山西省,吕梁市,中阳县,141129000000
山西省,吕梁市,交口县,141130000000
山西省,吕梁市,孝义市,141181000000
山西省,吕梁市,汾阳市,141182000000
青海省,NA,NA,63
青海省,西宁市,NA,630100000000
青海省,海东市,NA,630200000000
青海省,海北藏族自治州,NA,632200000000
青海省,黄南藏族自治州,NA,632300000000
青海省,海南藏族自治州,NA,632500000000
青海省,果洛藏族自治州,NA,632600000000
青海省,玉树藏族自治州,NA,632700000000
青海省,海西蒙古族藏族自治州,NA,632800000000
青海省,西宁市,市辖区,630101000000
青海省,西宁市,城东区,630102000000
青海省,西宁市,城中区,630103000000
青海省,西宁市,城西区,630104000000
青海省,西宁市,城北区,630105000000
青海省,西宁市,湟中区,630106000000
青海省,西宁市,大通回族土族自治县,630121000000
青海省,西宁市,湟源县,630123000000
青海省,海东市,乐都区,630202000000
青海省,海东市,平安区,630203000000
青海省,海东市,民和回族土族自治县,630222000000
青海省,海东市,互助土族自治县,630223000000
青海省,海东市,化隆回族自治县,630224000000
青海省,海东市,循化撒拉族自治县,630225000000
青海省,海北藏族自治州,门源回族自治县,632221000000
青海省,海北藏族自治州,祁连县,632222000000
青海省,海北藏族自治州,海晏县,632223000000
青海省,海北藏族自治州,刚察县,632224000000
青海省,黄南藏族自治州,同仁市,632301000000
青海省,黄南藏族自治州,尖扎县,632322000000
青海省,黄南藏族自治州,泽库县,632323000000
青海省,黄南藏族自治州,河南蒙古族自治县,632324000000
青海省,海南藏族自治州,共和县,632521000000
青海省,海南藏族自治州,同德县,632522000000
青海省,海南藏族自治州,贵德县,632523000000
青海省,海南藏族自治州,兴海县,632524000000
青海省,海南藏族自治州,贵南县,632525000000
青海省,果洛藏族自治州,玛沁县,632621000000
青海省,果洛藏族自治州,班玛县,632622000000
青海省,果洛藏族自治州,甘德县,632623000000
青海省,果洛藏族自治州,达日县,632624000000
青海省,果洛藏族自治州,久治县,632625000000
青海省,果洛藏族自治州,玛多县,632626000000
青海省,玉树藏族自治州,玉树市,632701000000
青海省,玉树藏族自治州,杂多县,632722000000
青海省,玉树藏族自治州,称多县,632723000000
青海省,玉树藏族自治州,治多县,632724000000
青海省,玉树藏族自治州,囊谦县,632725000000
青海省,玉树藏族自治州,曲麻莱县,632726000000
青海省,海西蒙古族藏族自治州,格尔木市,632801000000
青海省,海西蒙古族藏族自治州,德令哈市,632802000000
青海省,海西蒙古族藏族自治州,茫崖市,632803000000
青海省,海西蒙古族藏族自治州,乌兰县,632821000000
青海省,海西蒙古族藏族自治州,都兰县,632822000000
青海省,海西蒙古族藏族自治州,天峻县,632823000000
青海省,海西蒙古族藏族自治州,大柴旦行政委员会,632857000000
湖南省,NA,NA,43
湖南省,长沙市,NA,430100000000
湖南省,株洲市,NA,430200000000
湖南省,湘潭市,NA,430300000000
湖南省,衡阳市,NA,430400000000
湖南省,邵阳市,NA,430500000000
湖南省,岳阳市,NA,430600000000
湖南省,常德市,NA,430700000000
湖南省,张家界市,NA,430800000000
湖南省,益阳市,NA,430900000000
湖南省,郴州市,NA,431000000000
湖南省,永州市,NA,431100000000
湖南省,怀化市,NA,431200000000
湖南省,娄底市,NA,431300000000
湖南省,湘西土家族苗族自治州,NA,433100000000
湖南省,长沙市,市辖区,430101000000
湖南省,长沙市,芙蓉区,430102000000
湖南省,长沙市,天心区,430103000000
湖南省,长沙市,岳麓区,430104000000
湖南省,长沙市,开福区,430105000000
湖南省,长沙市,雨花区,430111000000
湖南省,长沙市,望城区,430112000000
湖南省,长沙市,长沙县,430121000000
湖南省,长沙市,浏阳市,430181000000
湖南省,长沙市,宁乡市,430182000000
湖南省,株洲市,市辖区,430201000000
湖南省,株洲市,荷塘区,430202000000
湖南省,株洲市,芦淞区,430203000000
湖南省,株洲市,石峰区,430204000000
湖南省,株洲市,天元区,430211000000
湖南省,株洲市,渌口区,430212000000
湖南省,株洲市,攸县,430223000000
湖南省,株洲市,茶陵县,430224000000
湖南省,株洲市,炎陵县,430225000000
湖南省,株洲市,醴陵市,430281000000
湖南省,湘潭市,市辖区,430301000000
湖南省,湘潭市,雨湖区,430302000000
湖南省,湘潭市,岳塘区,430304000000
湖南省,湘潭市,湘潭县,430321000000
湖南省,湘潭市,湖南湘潭高新技术产业园区,430371000000
湖南省,湘潭市,湘潭昭山示范区,430372000000
湖南省,湘潭市,湘潭九华示范区,430373000000
湖南省,湘潭市,湘乡市,430381000000
湖南省,湘潭市,韶山市,430382000000
湖南省,衡阳市,市辖区,430401000000
湖南省,衡阳市,珠晖区,430405000000
湖南省,衡阳市,雁峰区,430406000000
湖南省,衡阳市,石鼓区,430407000000
湖南省,衡阳市,蒸湘区,430408000000
湖南省,衡阳市,南岳区,430412000000
湖南省,衡阳市,衡阳县,430421000000
湖南省,衡阳市,衡南县,430422000000
湖南省,衡阳市,衡山县,430423000000
湖南省,衡阳市,衡东县,430424000000
湖南省,衡阳市,祁东县,430426000000
湖南省,衡阳市,衡阳综合保税区,430471000000
湖南省,衡阳市,湖南衡阳高新技术产业园区,430472000000
湖南省,衡阳市,湖南衡阳松木经济开发区,430473000000
湖南省,衡阳市,耒阳市,430481000000
湖南省,衡阳市,常宁市,430482000000
湖南省,邵阳市,市辖区,430501000000
湖南省,邵阳市,双清区,430502000000
湖南省,邵阳市,大祥区,430503000000
湖南省,邵阳市,北塔区,430511000000
湖南省,邵阳市,新邵县,430522000000
湖南省,邵阳市,邵阳县,430523000000
湖南省,邵阳市,隆回县,430524000000
湖南省,邵阳市,洞口县,430525000000
湖南省,邵阳市,绥宁县,430527000000
湖南省,邵阳市,新宁县,430528000000
湖南省,邵阳市,城步苗族自治县,430529000000
湖南省,邵阳市,武冈市,430581000000
湖南省,邵阳市,邵东市,430582000000
湖南省,岳阳市,市辖区,430601000000
湖南省,岳阳市,岳阳楼区,430602000000
湖南省,岳阳市,云溪区,430603000000
湖南省,岳阳市,君山区,430611000000
湖南省,岳阳市,岳阳县,430621000000
湖南省,岳阳市,华容县,430623000000
湖南省,岳阳市,湘阴县,430624000000
湖南省,岳阳市,平江县,430626000000
湖南省,岳阳市,岳阳市屈原管理区,430671000000
湖南省,岳阳市,汨罗市,430681000000
湖南省,岳阳市,临湘市,430682000000
湖南省,常德市,市辖区,430701000000
湖南省,常德市,武陵区,430702000000
湖南省,常德市,鼎城区,430703000000
湖南省,常德市,安乡县,430721000000
湖南省,常德市,汉寿县,430722000000
湖南省,常德市,澧县,430723000000
湖南省,常德市,临澧县,430724000000
湖南省,常德市,桃源县,430725000000
湖南省,常德市,石门县,430726000000
湖南省,常德市,常德市西洞庭管理区,430771000000
湖南省,常德市,津市市,430781000000
湖南省,张家界市,市辖区,430801000000
湖南省,张家界市,永定区,430802000000
湖南省,张家界市,武陵源区,430811000000
湖南省,张家界市,慈利县,430821000000
湖南省,张家界市,桑植县,430822000000
湖南省,益阳市,市辖区,430901000000
湖南省,益阳市,资阳区,430902000000
湖南省,益阳市,赫山区,430903000000
湖南省,益阳市,南县,430921000000
湖南省,益阳市,桃江县,430922000000
湖南省,益阳市,安化县,430923000000
湖南省,益阳市,益阳市大通湖管理区,430971000000
湖南省,益阳市,湖南益阳高新技术产业园区,430972000000
湖南省,益阳市,沅江市,430981000000
湖南省,郴州市,市辖区,431001000000
湖南省,郴州市,北湖区,431002000000
湖南省,郴州市,苏仙区,431003000000
湖南省,郴州市,桂阳县,431021000000
湖南省,郴州市,宜章县,431022000000
湖南省,郴州市,永兴县,431023000000
湖南省,郴州市,嘉禾县,431024000000
湖南省,郴州市,临武县,431025000000
湖南省,郴州市,汝城县,431026000000
湖南省,郴州市,桂东县,431027000000
湖南省,郴州市,安仁县,431028000000
湖南省,郴州市,资兴市,431081000000
湖南省,永州市,市辖区,431101000000
湖南省,永州市,零陵区,431102000000
湖南省,永州市,冷水滩区,431103000000
湖南省,永州市,东安县,431122000000
湖南省,永州市,双牌县,431123000000
湖南省,永州市,道县,431124000000
湖南省,永州市,江永县,431125000000
湖南省,永州市,宁远县,431126000000
湖南省,永州市,蓝山县,431127000000
湖南省,永州市,新田县,431128000000
湖南省,永州市,江华瑶族自治县,431129000000
湖南省,永州市,永州经济技术开发区,431171000000
湖南省,永州市,永州市回龙圩管理区,431173000000
湖南省,永州市,祁阳市,431181000000
湖南省,怀化市,市辖区,431201000000
湖南省,怀化市,鹤城区,431202000000
湖南省,怀化市,中方县,431221000000
湖南省,怀化市,沅陵县,431222000000
湖南省,怀化市,辰溪县,431223000000
湖南省,怀化市,溆浦县,431224000000
湖南省,怀化市,会同县,431225000000
湖南省,怀化市,麻阳苗族自治县,431226000000
湖南省,怀化市,新晃侗族自治县,431227000000
湖南省,怀化市,芷江侗族自治县,431228000000
湖南省,怀化市,靖州苗族侗族自治县,431229000000
湖南省,怀化市,通道侗族自治县,431230000000
湖南省,怀化市,怀化市洪江管理区,431271000000
湖南省,怀化市,洪江市,431281000000
湖南省,娄底市,市辖区,431301000000
湖南省,娄底市,娄星区,431302000000
湖南省,娄底市,双峰县,431321000000
湖南省,娄底市,新化县,431322000000
湖南省,娄底市,冷水江市,431381000000
湖南省,娄底市,涟源市,431382000000
湖南省,湘西土家族苗族自治州,吉首市,433101000000
湖南省,湘西土家族苗族自治州,泸溪县,433122000000
湖南省,湘西土家族苗族自治州,凤凰县,433123000000
湖南省,湘西土家族苗族自治州,花垣县,433124000000
湖南省,湘西土家族苗族自治州,保靖县,433125000000
湖南省,湘西土家族苗族自治州,古丈县,433126000000
湖南省,湘西土家族苗族自治州,永顺县,433127000000
湖南省,湘西土家族苗族自治州,龙山县,433130000000
上海市,NA,NA,31
上海市,市辖区,NA,310100000000
上海市,市辖区,黄浦区,310101000000
上海市,市辖区,徐汇区,310104000000
上海市,市辖区,长宁区,310105000000
上海市,市辖区,静安区,310106000000
上海市,市辖区,普陀区,310107000000
上海市,市辖区,虹口区,310109000000
上海市,市辖区,杨浦区,310110000000
上海市,市辖区,闵行区,310112000000
上海市,市辖区,宝山区,310113000000
上海市,市辖区,嘉定区,310114000000
上海市,市辖区,浦东新区,310115000000
上海市,市辖区,金山区,310116000000
上海市,市辖区,松江区,310117000000
上海市,市辖区,青浦区,310118000000
上海市,市辖区,奉贤区,310120000000
上海市,市辖区,崇明区,310151000000
浙江省,NA,NA,33
浙江省,杭州市,NA,330100000000
浙江省,宁波市,NA,330200000000
浙江省,温州市,NA,330300000000
浙江省,嘉兴市,NA,330400000000
浙江省,湖州市,NA,330500000000
浙江省,绍兴市,NA,330600000000
浙江省,金华市,NA,330700000000
浙江省,衢州市,NA,330800000000
浙江省,舟山市,NA,330900000000
浙江省,台州市,NA,331000000000
浙江省,丽水市,NA,331100000000
浙江省,杭州市,市辖区,330101000000
浙江省,杭州市,上城区,330102000000
浙江省,杭州市,拱墅区,330105000000
浙江省,杭州市,西湖区,330106000000
浙江省,杭州市,滨江区,330108000000
浙江省,杭州市,萧山区,330109000000
浙江省,杭州市,余杭区,330110000000
浙江省,杭州市,富阳区,330111000000
浙江省,杭州市,临安区,330112000000
浙江省,杭州市,临平区,330113000000
浙江省,杭州市,钱塘区,330114000000
浙江省,杭州市,桐庐县,330122000000
浙江省,杭州市,淳安县,330127000000
浙江省,杭州市,建德市,330182000000
浙江省,宁波市,市辖区,330201000000
浙江省,宁波市,海曙区,330203000000
浙江省,宁波市,江北区,330205000000
浙江省,宁波市,北仑区,330206000000
浙江省,宁波市,镇海区,330211000000
浙江省,宁波市,鄞州区,330212000000
浙江省,宁波市,奉化区,330213000000
浙江省,宁波市,象山县,330225000000
浙江省,宁波市,宁海县,330226000000
浙江省,宁波市,余姚市,330281000000
浙江省,宁波市,慈溪市,330282000000
浙江省,温州市,市辖区,330301000000
浙江省,温州市,鹿城区,330302000000
浙江省,温州市,龙湾区,330303000000
浙江省,温州市,瓯海区,330304000000
浙江省,温州市,洞头区,330305000000
浙江省,温州市,永嘉县,330324000000
浙江省,温州市,平阳县,330326000000
浙江省,温州市,苍南县,330327000000
浙江省,温州市,文成县,330328000000
浙江省,温州市,泰顺县,330329000000
浙江省,温州市,瑞安市,330381000000
浙江省,温州市,乐清市,330382000000
浙江省,温州市,龙港市,330383000000
浙江省,嘉兴市,市辖区,330401000000
浙江省,嘉兴市,南湖区,330402000000
浙江省,嘉兴市,秀洲区,330411000000
浙江省,嘉兴市,嘉善县,330421000000
浙江省,嘉兴市,海盐县,330424000000
浙江省,嘉兴市,海宁市,330481000000
浙江省,嘉兴市,平湖市,330482000000
浙江省,嘉兴市,桐乡市,330483000000
浙江省,湖州市,市辖区,330501000000
浙江省,湖州市,吴兴区,330502000000
浙江省,湖州市,南浔区,330503000000
浙江省,湖州市,德清县,330521000000
浙江省,湖州市,长兴县,330522000000
浙江省,湖州市,安吉县,330523000000
浙江省,绍兴市,市辖区,330601000000
浙江省,绍兴市,越城区,330602000000
浙江省,绍兴市,柯桥区,330603000000
浙江省,绍兴市,上虞区,330604000000
浙江省,绍兴市,新昌县,330624000000
浙江省,绍兴市,诸暨市,330681000000
浙江省,绍兴市,嵊州市,330683000000
浙江省,金华市,市辖区,330701000000
浙江省,金华市,婺城区,330702000000
浙江省,金华市,金东区,330703000000
浙江省,金华市,武义县,330723000000
浙江省,金华市,浦江县,330726000000
浙江省,金华市,磐安县,330727000000
浙江省,金华市,兰溪市,330781000000
浙江省,金华市,义乌市,330782000000
浙江省,金华市,东阳市,330783000000
浙江省,金华市,永康市,330784000000
浙江省,衢州市,市辖区,330801000000
浙江省,衢州市,柯城区,330802000000
浙江省,衢州市,衢江区,330803000000
浙江省,衢州市,常山县,330822000000
浙江省,衢州市,开化县,330824000000
浙江省,衢州市,龙游县,330825000000
浙江省,衢州市,江山市,330881000000
浙江省,舟山市,市辖区,330901000000
浙江省,舟山市,定海区,330902000000
浙江省,舟山市,普陀区,330903000000
浙江省,舟山市,岱山县,330921000000
浙江省,舟山市,嵊泗县,330922000000
浙江省,台州市,市辖区,331001000000
浙江省,台州市,椒江区,331002000000
浙江省,台州市,黄岩区,331003000000
浙江省,台州市,路桥区,331004000000
浙江省,台州市,三门县,331022000000
浙江省,台州市,天台县,331023000000
浙江省,台州市,仙居县,331024000000
浙江省,台州市,温岭市,331081000000
浙江省,台州市,临海市,331082000000
浙江省,台州市,玉环市,331083000000
浙江省,丽水市,市辖区,331101000000
浙江省,丽水市,莲都区,331102000000
浙江省,丽水市,青田县,331121000000
浙江省,丽水市,缙云县,331122000000
浙江省,丽水市,遂昌县,331123000000
浙江省,丽水市,松阳县,331124000000
浙江省,丽水市,云和县,331125000000
浙江省,丽水市,庆元县,331126000000
浙江省,丽水市,景宁畲族自治县,331127000000
浙江省,丽水市,龙泉市,331181000000
安徽省,NA,NA,34
安徽省,合肥市,NA,340100000000
安徽省,芜湖市,NA,340200000000
安徽省,蚌埠市,NA,340300000000
安徽省,淮南市,NA,340400000000
安徽省,马鞍山市,NA,340500000000
安徽省,淮北市,NA,340600000000
安徽省,铜陵市,NA,340700000000
安徽省,安庆市,NA,340800000000
安徽省,黄山市,NA,341000000000
安徽省,滁州市,NA,341100000000
安徽省,阜阳市,NA,341200000000
安徽省,宿州市,NA,341300000000
安徽省,六安市,NA,341500000000
安徽省,亳州市,NA,341600000000
安徽省,池州市,NA,341700000000
安徽省,宣城市,NA,341800000000
安徽省,合肥市,市辖区,340101000000
安徽省,合肥市,瑶海区,340102000000
安徽省,合肥市,庐阳区,340103000000
安徽省,合肥市,蜀山区,340104000000
安徽省,合肥市,包河区,340111000000
安徽省,合肥市,长丰县,340121000000
安徽省,合肥市,肥东县,340122000000
安徽省,合肥市,肥西县,340123000000
安徽省,合肥市,庐江县,340124000000
安徽省,合肥市,合肥高新技术产业开发区,340171000000
安徽省,合肥市,合肥经济技术开发区,340172000000
安徽省,合肥市,合肥新站高新技术产业开发区,340173000000
安徽省,合肥市,巢湖市,340181000000
安徽省,芜湖市,市辖区,340201000000
安徽省,芜湖市,镜湖区,340202000000
安徽省,芜湖市,鸠江区,340207000000
安徽省,芜湖市,弋江区,340209000000
安徽省,芜湖市,湾沚区,340210000000
安徽省,芜湖市,繁昌区,340212000000
安徽省,芜湖市,南陵县,340223000000
安徽省,芜湖市,芜湖经济技术开发区,340271000000
安徽省,芜湖市,安徽芜湖三山经济开发区,340272000000
安徽省,芜湖市,无为市,340281000000
安徽省,蚌埠市,市辖区,340301000000
安徽省,蚌埠市,龙子湖区,340302000000
安徽省,蚌埠市,蚌山区,340303000000
安徽省,蚌埠市,禹会区,340304000000
安徽省,蚌埠市,淮上区,340311000000
安徽省,蚌埠市,怀远县,340321000000
安徽省,蚌埠市,五河县,340322000000
安徽省,蚌埠市,固镇县,340323000000
安徽省,蚌埠市,蚌埠市高新技术开发区,340371000000
安徽省,蚌埠市,蚌埠市经济开发区,340372000000
安徽省,淮南市,市辖区,340401000000
安徽省,淮南市,大通区,340402000000
安徽省,淮南市,田家庵区,340403000000
安徽省,淮南市,谢家集区,340404000000
安徽省,淮南市,八公山区,340405000000
安徽省,淮南市,潘集区,340406000000
安徽省,淮南市,凤台县,340421000000
安徽省,淮南市,寿县,340422000000
安徽省,马鞍山市,市辖区,340501000000
安徽省,马鞍山市,花山区,340503000000
安徽省,马鞍山市,雨山区,340504000000
安徽省,马鞍山市,博望区,340506000000
安徽省,马鞍山市,当涂县,340521000000
安徽省,马鞍山市,含山县,340522000000
安徽省,马鞍山市,和县,340523000000
安徽省,淮北市,市辖区,340601000000
安徽省,淮北市,杜集区,340602000000
安徽省,淮北市,相山区,340603000000
安徽省,淮北市,烈山区,340604000000
安徽省,淮北市,濉溪县,340621000000
安徽省,铜陵市,市辖区,340701000000
安徽省,铜陵市,铜官区,340705000000
安徽省,铜陵市,义安区,340706000000
安徽省,铜陵市,郊区,340711000000
安徽省,铜陵市,枞阳县,340722000000
安徽省,安庆市,市辖区,340801000000
安徽省,安庆市,迎江区,340802000000
安徽省,安庆市,大观区,340803000000
安徽省,安庆市,宜秀区,340811000000
安徽省,安庆市,怀宁县,340822000000
安徽省,安庆市,太湖县,340825000000
安徽省,安庆市,宿松县,340826000000
安徽省,安庆市,望江县,340827000000
安徽省,安庆市,岳西县,340828000000
安徽省,安庆市,安徽安庆经济开发区,340871000000
安徽省,安庆市,桐城市,340881000000
安徽省,安庆市,潜山市,340882000000
安徽省,黄山市,市辖区,341001000000
安徽省,黄山市,屯溪区,341002000000
安徽省,黄山市,黄山区,341003000000
安徽省,黄山市,徽州区,341004000000
安徽省,黄山市,歙县,341021000000
安徽省,黄山市,休宁县,341022000000
安徽省,黄山市,黟县,341023000000
安徽省,黄山市,祁门县,341024000000
安徽省,滁州市,市辖区,341101000000
安徽省,滁州市,琅琊区,341102000000
安徽省,滁州市,南谯区,341103000000
安徽省,滁州市,来安县,341122000000
安徽省,滁州市,全椒县,341124000000
安徽省,滁州市,定远县,341125000000
安徽省,滁州市,凤阳县,341126000000
安徽省,滁州市,中新苏滁高新技术产业开发区,341171000000
安徽省,滁州市,滁州经济技术开发区,341172000000
安徽省,滁州市,天长市,341181000000
安徽省,滁州市,明光市,341182000000
安徽省,阜阳市,市辖区,341201000000
安徽省,阜阳市,颍州区,341202000000
安徽省,阜阳市,颍东区,341203000000
安徽省,阜阳市,颍泉区,341204000000
安徽省,阜阳市,临泉县,341221000000
安徽省,阜阳市,太和县,341222000000
安徽省,阜阳市,阜南县,341225000000
安徽省,阜阳市,颍上县,341226000000
安徽省,阜阳市,阜阳合肥现代产业园区,341271000000
安徽省,阜阳市,阜阳经济技术开发区,341272000000
安徽省,阜阳市,界首市,341282000000
安徽省,宿州市,市辖区,341301000000
安徽省,宿州市,埇桥区,341302000000
安徽省,宿州市,砀山县,341321000000
安徽省,宿州市,萧县,341322000000
安徽省,宿州市,灵璧县,341323000000
安徽省,宿州市,泗县,341324000000
安徽省,宿州市,宿州马鞍山现代产业园区,341371000000
安徽省,宿州市,宿州经济技术开发区,341372000000
安徽省,六安市,市辖区,341501000000
安徽省,六安市,金安区,341502000000
安徽省,六安市,裕安区,341503000000
安徽省,六安市,叶集区,341504000000
安徽省,六安市,霍邱县,341522000000
安徽省,六安市,舒城县,341523000000
安徽省,六安市,金寨县,341524000000
安徽省,六安市,霍山县,341525000000
安徽省,亳州市,市辖区,341601000000
安徽省,亳州市,谯城区,341602000000
安徽省,亳州市,涡阳县,341621000000
安徽省,亳州市,蒙城县,341622000000
安徽省,亳州市,利辛县,341623000000
安徽省,池州市,市辖区,341701000000
安徽省,池州市,贵池区,341702000000
安徽省,池州市,东至县,341721000000
安徽省,池州市,石台县,341722000000
安徽省,池州市,青阳县,341723000000
安徽省,宣城市,市辖区,341801000000
安徽省,宣城市,宣州区,341802000000
安徽省,宣城市,郎溪县,341821000000
安徽省,宣城市,泾县,341823000000
安徽省,宣城市,绩溪县,341824000000
安徽省,宣城市,旌德县,341825000000
安徽省,宣城市,宣城市经济开发区,341871000000
安徽省,宣城市,宁国市,341881000000
安徽省,宣城市,广德市,341882000000
广东省,NA,NA,44
广东省,广州市,NA,440100000000
广东省,韶关市,NA,440200000000
广东省,深圳市,NA,440300000000
广东省,珠海市,NA,440400000000
广东省,汕头市,NA,440500000000
广东省,佛山市,NA,440600000000
广东省,江门市,NA,440700000000
广东省,湛江市,NA,440800000000
广东省,茂名市,NA,440900000000
广东省,肇庆市,NA,441200000000
广东省,惠州市,NA,441300000000
广东省,梅州市,NA,441400000000
广东省,汕尾市,NA,441500000000
广东省,河源市,NA,441600000000
广东省,阳江市,NA,441700000000
广东省,清远市,NA,441800000000
广东省,东莞市,NA,441900000000
广东省,中山市,NA,442000000000
广东省,潮州市,NA,445100000000
广东省,揭阳市,NA,445200000000
广东省,云浮市,NA,445300000000
广东省,广州市,市辖区,440101000000
广东省,广州市,荔湾区,440103000000
广东省,广州市,越秀区,440104000000
广东省,广州市,海珠区,440105000000
广东省,广州市,天河区,440106000000
广东省,广州市,白云区,440111000000
广东省,广州市,黄埔区,440112000000
广东省,广州市,番禺区,440113000000
广东省,广州市,花都区,440114000000
广东省,广州市,南沙区,440115000000
广东省,广州市,从化区,440117000000
广东省,广州市,增城区,440118000000
广东省,韶关市,市辖区,440201000000
广东省,韶关市,武江区,440203000000
广东省,韶关市,浈江区,440204000000
广东省,韶关市,曲江区,440205000000
广东省,韶关市,始兴县,440222000000
广东省,韶关市,仁化县,440224000000
广东省,韶关市,翁源县,440229000000
广东省,韶关市,乳源瑶族自治县,440232000000
广东省,韶关市,新丰县,440233000000
广东省,韶关市,乐昌市,440281000000
广东省,韶关市,南雄市,440282000000
广东省,深圳市,市辖区,440301000000
广东省,深圳市,罗湖区,440303000000
广东省,深圳市,福田区,440304000000
广东省,深圳市,南山区,440305000000
广东省,深圳市,宝安区,440306000000
广东省,深圳市,龙岗区,440307000000
广东省,深圳市,盐田区,440308000000
广东省,深圳市,龙华区,440309000000
广东省,深圳市,坪山区,440310000000
广东省,深圳市,光明区,440311000000
广东省,珠海市,市辖区,440401000000
广东省,珠海市,香洲区,440402000000
广东省,珠海市,斗门区,440403000000
广东省,珠海市,金湾区,440404000000
广东省,汕头市,市辖区,440501000000
广东省,汕头市,龙湖区,440507000000
广东省,汕头市,金平区,440511000000
广东省,汕头市,濠江区,440512000000
广东省,汕头市,潮阳区,440513000000
广东省,汕头市,潮南区,440514000000
广东省,汕头市,澄海区,440515000000
广东省,汕头市,南澳县,440523000000
广东省,佛山市,市辖区,440601000000
广东省,佛山市,禅城区,440604000000
广东省,佛山市,南海区,440605000000
广东省,佛山市,顺德区,440606000000
广东省,佛山市,三水区,440607000000
广东省,佛山市,高明区,440608000000
广东省,江门市,市辖区,440701000000
广东省,江门市,蓬江区,440703000000
广东省,江门市,江海区,440704000000
广东省,江门市,新会区,440705000000
广东省,江门市,台山市,440781000000
广东省,江门市,开平市,440783000000
广东省,江门市,鹤山市,440784000000
广东省,江门市,恩平市,440785000000
广东省,湛江市,市辖区,440801000000
广东省,湛江市,赤坎区,440802000000
广东省,湛江市,霞山区,440803000000
广东省,湛江市,坡头区,440804000000
广东省,湛江市,麻章区,440811000000
广东省,湛江市,遂溪县,440823000000
广东省,湛江市,徐闻县,440825000000
广东省,湛江市,廉江市,440881000000
广东省,湛江市,雷州市,440882000000
广东省,湛江市,吴川市,440883000000
广东省,茂名市,市辖区,440901000000
广东省,茂名市,茂南区,440902000000
广东省,茂名市,电白区,440904000000
广东省,茂名市,高州市,440981000000
广东省,茂名市,化州市,440982000000
广东省,茂名市,信宜市,440983000000
广东省,肇庆市,市辖区,441201000000
广东省,肇庆市,端州区,441202000000
广东省,肇庆市,鼎湖区,441203000000
广东省,肇庆市,高要区,441204000000
广东省,肇庆市,广宁县,441223000000
广东省,肇庆市,怀集县,441224000000
广东省,肇庆市,封开县,441225000000
广东省,肇庆市,德庆县,441226000000
广东省,肇庆市,四会市,441284000000
广东省,惠州市,市辖区,441301000000
广东省,惠州市,惠城区,441302000000
广东省,惠州市,惠阳区,441303000000
广东省,惠州市,博罗县,441322000000
广东省,惠州市,惠东县,441323000000
广东省,惠州市,龙门县,441324000000
广东省,梅州市,市辖区,441401000000
广东省,梅州市,梅江区,441402000000
广东省,梅州市,梅县区,441403000000
广东省,梅州市,大埔县,441422000000
广东省,梅州市,丰顺县,441423000000
广东省,梅州市,五华县,441424000000
广东省,梅州市,平远县,441426000000
广东省,梅州市,蕉岭县,441427000000
广东省,梅州市,兴宁市,441481000000
广东省,汕尾市,市辖区,441501000000
广东省,汕尾市,城区,441502000000
广东省,汕尾市,海丰县,441521000000
广东省,汕尾市,陆河县,441523000000
广东省,汕尾市,陆丰市,441581000000
广东省,河源市,市辖区,441601000000
广东省,河源市,源城区,441602000000
广东省,河源市,紫金县,441621000000
广东省,河源市,龙川县,441622000000
广东省,河源市,连平县,441623000000
广东省,河源市,和平县,441624000000
广东省,河源市,东源县,441625000000
广东省,阳江市,市辖区,441701000000
广东省,阳江市,江城区,441702000000
广东省,阳江市,阳东区,441704000000
广东省,阳江市,阳西县,441721000000
广东省,阳江市,阳春市,441781000000
广东省,清远市,市辖区,441801000000
广东省,清远市,清城区,441802000000
广东省,清远市,清新区,441803000000
广东省,清远市,佛冈县,441821000000
广东省,清远市,阳山县,441823000000
广东省,清远市,连山壮族瑶族自治县,441825000000
广东省,清远市,连南瑶族自治县,441826000000
广东省,清远市,英德市,441881000000
广东省,清远市,连州市,441882000000
广东省,潮州市,市辖区,445101000000
广东省,潮州市,湘桥区,445102000000
广东省,潮州市,潮安区,445103000000
广东省,潮州市,饶平县,445122000000
广东省,揭阳市,市辖区,445201000000
广东省,揭阳市,榕城区,445202000000
广东省,揭阳市,揭东区,445203000000
广东省,揭阳市,揭西县,445222000000
广东省,揭阳市,惠来县,445224000000
广东省,揭阳市,普宁市,445281000000
广东省,云浮市,市辖区,445301000000
广东省,云浮市,云城区,445302000000
广东省,云浮市,云安区,445303000000
广东省,云浮市,新兴县,445321000000
广东省,云浮市,郁南县,445322000000
广东省,云浮市,罗定市,445381000000
宁夏回族自治区,NA,NA,64
宁夏回族自治区,银川市,NA,640100000000
宁夏回族自治区,石嘴山市,NA,640200000000
宁夏回族自治区,吴忠市,NA,640300000000
宁夏回族自治区,固原市,NA,640400000000
宁夏回族自治区,中卫市,NA,640500000000
宁夏回族自治区,银川市,市辖区,640101000000
宁夏回族自治区,银川市,兴庆区,640104000000
宁夏回族自治区,银川市,西夏区,640105000000
宁夏回族自治区,银川市,金凤区,640106000000
宁夏回族自治区,银川市,永宁县,640121000000
宁夏回族自治区,银川市,贺兰县,640122000000
宁夏回族自治区,银川市,灵武市,640181000000
宁夏回族自治区,石嘴山市,市辖区,640201000000
宁夏回族自治区,石嘴山市,大武口区,640202000000
宁夏回族自治区,石嘴山市,惠农区,640205000000
宁夏回族自治区,石嘴山市,平罗县,640221000000
宁夏回族自治区,吴忠市,市辖区,640301000000
宁夏回族自治区,吴忠市,利通区,640302000000
宁夏回族自治区,吴忠市,红寺堡区,640303000000
宁夏回族自治区,吴忠市,盐池县,640323000000
宁夏回族自治区,吴忠市,同心县,640324000000
宁夏回族自治区,吴忠市,青铜峡市,640381000000
宁夏回族自治区,固原市,市辖区,640401000000
宁夏回族自治区,固原市,原州区,640402000000
宁夏回族自治区,固原市,西吉县,640422000000
宁夏回族自治区,固原市,隆德县,640423000000
宁夏回族自治区,固原市,泾源县,640424000000
宁夏回族自治区,固原市,彭阳县,640425000000
宁夏回族自治区,中卫市,市辖区,640501000000
宁夏回族自治区,中卫市,沙坡头区,640502000000
宁夏回族自治区,中卫市,中宁县,640521000000
宁夏回族自治区,中卫市,海原县,640522000000
江西省,NA,NA,36
江西省,南昌市,NA,360100000000
江西省,景德镇市,NA,360200000000
江西省,萍乡市,NA,360300000000
江西省,九江市,NA,360400000000
江西省,新余市,NA,360500000000
江西省,鹰潭市,NA,360600000000
江西省,赣州市,NA,360700000000
江西省,吉安市,NA,360800000000
江西省,宜春市,NA,360900000000
江西省,抚州市,NA,361000000000
江西省,上饶市,NA,361100000000
江西省,南昌市,市辖区,360101000000
江西省,南昌市,东湖区,360102000000
江西省,南昌市,西湖区,360103000000
江西省,南昌市,青云谱区,360104000000
江西省,南昌市,青山湖区,360111000000
江西省,南昌市,新建区,360112000000
江西省,南昌市,红谷滩区,360113000000
江西省,南昌市,南昌县,360121000000
江西省,南昌市,安义县,360123000000
江西省,南昌市,进贤县,360124000000
江西省,景德镇市,市辖区,360201000000
江西省,景德镇市,昌江区,360202000000
江西省,景德镇市,珠山区,360203000000
江西省,景德镇市,浮梁县,360222000000
江西省,景德镇市,乐平市,360281000000
江西省,萍乡市,市辖区,360301000000
江西省,萍乡市,安源区,360302000000
江西省,萍乡市,湘东区,360313000000
江西省,萍乡市,莲花县,360321000000
江西省,萍乡市,上栗县,360322000000
江西省,萍乡市,芦溪县,360323000000
江西省,九江市,市辖区,360401000000
江西省,九江市,濂溪区,360402000000
江西省,九江市,浔阳区,360403000000
江西省,九江市,柴桑区,360404000000
江西省,九江市,武宁县,360423000000
江西省,九江市,修水县,360424000000
江西省,九江市,永修县,360425000000
江西省,九江市,德安县,360426000000
江西省,九江市,都昌县,360428000000
江西省,九江市,湖口县,360429000000
江西省,九江市,彭泽县,360430000000
江西省,九江市,瑞昌市,360481000000
江西省,九江市,共青城市,360482000000
江西省,九江市,庐山市,360483000000
江西省,新余市,市辖区,360501000000
江西省,新余市,渝水区,360502000000
江西省,新余市,分宜县,360521000000
江西省,鹰潭市,市辖区,360601000000
江西省,鹰潭市,月湖区,360602000000
江西省,鹰潭市,余江区,360603000000
江西省,鹰潭市,贵溪市,360681000000
江西省,赣州市,市辖区,360701000000
江西省,赣州市,章贡区,360702000000
江西省,赣州市,南康区,360703000000
江西省,赣州市,赣县区,360704000000
江西省,赣州市,信丰县,360722000000
江西省,赣州市,大余县,360723000000
江西省,赣州市,上犹县,360724000000
江西省,赣州市,崇义县,360725000000
江西省,赣州市,安远县,360726000000
江西省,赣州市,定南县,360728000000
江西省,赣州市,全南县,360729000000
江西省,赣州市,宁都县,360730000000
江西省,赣州市,于都县,360731000000
江西省,赣州市,兴国县,360732000000
江西省,赣州市,会昌县,360733000000
江西省,赣州市,寻乌县,360734000000
江西省,赣州市,石城县,360735000000
江西省,赣州市,瑞金市,360781000000
江西省,赣州市,龙南市,360783000000
江西省,吉安市,市辖区,360801000000
江西省,吉安市,吉州区,360802000000
江西省,吉安市,青原区,360803000000
江西省,吉安市,吉安县,360821000000
江西省,吉安市,吉水县,360822000000
江西省,吉安市,峡江县,360823000000
江西省,吉安市,新干县,360824000000
江西省,吉安市,永丰县,360825000000
江西省,吉安市,泰和县,360826000000
江西省,吉安市,遂川县,360827000000
江西省,吉安市,万安县,360828000000
江西省,吉安市,安福县,360829000000
江西省,吉安市,永新县,360830000000
江西省,吉安市,井冈山市,360881000000
江西省,宜春市,市辖区,360901000000
江西省,宜春市,袁州区,360902000000
江西省,宜春市,奉新县,360921000000
江西省,宜春市,万载县,360922000000
江西省,宜春市,上高县,360923000000
江西省,宜春市,宜丰县,360924000000
江西省,宜春市,靖安县,360925000000
江西省,宜春市,铜鼓县,360926000000
江西省,宜春市,丰城市,360981000000
江西省,宜春市,樟树市,360982000000
江西省,宜春市,高安市,360983000000
江西省,抚州市,市辖区,361001000000
江西省,抚州市,临川区,361002000000
江西省,抚州市,东乡区,361003000000
江西省,抚州市,南城县,361021000000
江西省,抚州市,黎川县,361022000000
江西省,抚州市,南丰县,361023000000
江西省,抚州市,崇仁县,361024000000
江西省,抚州市,乐安县,361025000000
江西省,抚州市,宜黄县,361026000000
江西省,抚州市,金溪县,361027000000
江西省,抚州市,资溪县,361028000000
江西省,抚州市,广昌县,361030000000
江西省,上饶市,市辖区,361101000000
江西省,上饶市,信州区,361102000000
江西省,上饶市,广丰区,361103000000
江西省,上饶市,广信区,361104000000
江西省,上饶市,玉山县,361123000000
江西省,上饶市,铅山县,361124000000
江西省,上饶市,横峰县,361125000000
江西省,上饶市,弋阳县,361126000000
江西省,上饶市,余干县,361127000000
江西省,上饶市,鄱阳县,361128000000
江西省,上饶市,万年县,361129000000
江西省,上饶市,婺源县,361130000000
江西省,上饶市,德兴市,361181000000
黑龙江省,NA,NA,23
黑龙江省,哈尔滨市,NA,230100000000
黑龙江省,齐齐哈尔市,NA,230200000000
黑龙江省,鸡西市,NA,230300000000
黑龙江省,鹤岗市,NA,230400000000
黑龙江省,双鸭山市,NA,230500000000
黑龙江省,大庆市,NA,230600000000
黑龙江省,伊春市,NA,230700000000
黑龙江省,佳木斯市,NA,230800000000
黑龙江省,七台河市,NA,230900000000
黑龙江省,牡丹江市,NA,231000000000
黑龙江省,黑河市,NA,231100000000
黑龙江省,绥化市,NA,231200000000
黑龙江省,大兴安岭地区,NA,232700000000
黑龙江省,哈尔滨市,市辖区,230101000000
黑龙江省,哈尔滨市,道里区,230102000000
黑龙江省,哈尔滨市,南岗区,230103000000
黑龙江省,哈尔滨市,道外区,230104000000
黑龙江省,哈尔滨市,平房区,230108000000
黑龙江省,哈尔滨市,松北区,230109000000
黑龙江省,哈尔滨市,香坊区,230110000000
黑龙江省,哈尔滨市,呼兰区,230111000000
黑龙江省,哈尔滨市,阿城区,230112000000
黑龙江省,哈尔滨市,双城区,230113000000
黑龙江省,哈尔滨市,依兰县,230123000000
黑龙江省,哈尔滨市,方正县,230124000000
黑龙江省,哈尔滨市,宾县,230125000000
黑龙江省,哈尔滨市,巴彦县,230126000000
黑龙江省,哈尔滨市,木兰县,230127000000
黑龙江省,哈尔滨市,通河县,230128000000
黑龙江省,哈尔滨市,延寿县,230129000000
黑龙江省,哈尔滨市,尚志市,230183000000
黑龙江省,哈尔滨市,五常市,230184000000
黑龙江省,齐齐哈尔市,市辖区,230201000000
黑龙江省,齐齐哈尔市,龙沙区,230202000000
黑龙江省,齐齐哈尔市,建华区,230203000000
黑龙江省,齐齐哈尔市,铁锋区,230204000000
黑龙江省,齐齐哈尔市,昂昂溪区,230205000000
黑龙江省,齐齐哈尔市,富拉尔基区,230206000000
黑龙江省,齐齐哈尔市,碾子山区,230207000000
黑龙江省,齐齐哈尔市,梅里斯达斡尔族区,230208000000
黑龙江省,齐齐哈尔市,龙江县,230221000000
黑龙江省,齐齐哈尔市,依安县,230223000000
黑龙江省,齐齐哈尔市,泰来县,230224000000
黑龙江省,齐齐哈尔市,甘南县,230225000000
黑龙江省,齐齐哈尔市,富裕县,230227000000
黑龙江省,齐齐哈尔市,克山县,230229000000
黑龙江省,齐齐哈尔市,克东县,230230000000
黑龙江省,齐齐哈尔市,拜泉县,230231000000
黑龙江省,齐齐哈尔市,讷河市,230281000000
黑龙江省,鸡西市,市辖区,230301000000
黑龙江省,鸡西市,鸡冠区,230302000000
黑龙江省,鸡西市,恒山区,230303000000
黑龙江省,鸡西市,滴道区,230304000000
黑龙江省,鸡西市,梨树区,230305000000
黑龙江省,鸡西市,城子河区,230306000000
黑龙江省,鸡西市,麻山区,230307000000
黑龙江省,鸡西市,鸡东县,230321000000
黑龙江省,鸡西市,虎林市,230381000000
黑龙江省,鸡西市,密山市,230382000000
黑龙江省,鹤岗市,市辖区,230401000000
黑龙江省,鹤岗市,向阳区,230402000000
黑龙江省,鹤岗市,工农区,230403000000
黑龙江省,鹤岗市,南山区,230404000000
黑龙江省,鹤岗市,兴安区,230405000000
黑龙江省,鹤岗市,东山区,230406000000
黑龙江省,鹤岗市,兴山区,230407000000
黑龙江省,鹤岗市,萝北县,230421000000
黑龙江省,鹤岗市,绥滨县,230422000000
黑龙江省,双鸭山市,市辖区,230501000000
黑龙江省,双鸭山市,尖山区,230502000000
黑龙江省,双鸭山市,岭东区,230503000000
黑龙江省,双鸭山市,四方台区,230505000000
黑龙江省,双鸭山市,宝山区,230506000000
黑龙江省,双鸭山市,集贤县,230521000000
黑龙江省,双鸭山市,友谊县,230522000000
黑龙江省,双鸭山市,宝清县,230523000000
黑龙江省,双鸭山市,饶河县,230524000000
黑龙江省,大庆市,市辖区,230601000000
黑龙江省,大庆市,萨尔图区,230602000000
黑龙江省,大庆市,龙凤区,230603000000
黑龙江省,大庆市,让胡路区,230604000000
黑龙江省,大庆市,红岗区,230605000000
黑龙江省,大庆市,大同区,230606000000
黑龙江省,大庆市,肇州县,230621000000
黑龙江省,大庆市,肇源县,230622000000
黑龙江省,大庆市,林甸县,230623000000
黑龙江省,大庆市,杜尔伯特蒙古族自治县,230624000000
黑龙江省,大庆市,大庆高新技术产业开发区,230671000000
黑龙江省,伊春市,市辖区,230701000000
黑龙江省,伊春市,伊美区,230717000000
黑龙江省,伊春市,乌翠区,230718000000
黑龙江省,伊春市,友好区,230719000000
黑龙江省,伊春市,嘉荫县,230722000000
黑龙江省,伊春市,汤旺县,230723000000
黑龙江省,伊春市,丰林县,230724000000
黑龙江省,伊春市,大箐山县,230725000000
黑龙江省,伊春市,南岔县,230726000000
黑龙江省,伊春市,金林区,230751000000
黑龙江省,伊春市,铁力市,230781000000
黑龙江省,佳木斯市,市辖区,230801000000
黑龙江省,佳木斯市,向阳区,230803000000
黑龙江省,佳木斯市,前进区,230804000000
黑龙江省,佳木斯市,东风区,230805000000
黑龙江省,佳木斯市,郊区,230811000000
黑龙江省,佳木斯市,桦南县,230822000000
黑龙江省,佳木斯市,桦川县,230826000000
黑龙江省,佳木斯市,汤原县,230828000000
黑龙江省,佳木斯市,同江市,230881000000
黑龙江省,佳木斯市,富锦市,230882000000
黑龙江省,佳木斯市,抚远市,230883000000
黑龙江省,七台河市,市辖区,230901000000
黑龙江省,七台河市,新兴区,230902000000
黑龙江省,七台河市,桃山区,230903000000
黑龙江省,七台河市,茄子河区,230904000000
黑龙江省,七台河市,勃利县,230921000000
黑龙江省,牡丹江市,市辖区,231001000000
黑龙江省,牡丹江市,东安区,231002000000
黑龙江省,牡丹江市,阳明区,231003000000
黑龙江省,牡丹江市,爱民区,231004000000
黑龙江省,牡丹江市,西安区,231005000000
黑龙江省,牡丹江市,林口县,231025000000
黑龙江省,牡丹江市,牡丹江经济技术开发区,231071000000
黑龙江省,牡丹江市,绥芬河市,231081000000
黑龙江省,牡丹江市,海林市,231083000000
黑龙江省,牡丹江市,宁安市,231084000000
黑龙江省,牡丹江市,穆棱市,231085000000
黑龙江省,牡丹江市,东宁市,231086000000
黑龙江省,黑河市,市辖区,231101000000
黑龙江省,黑河市,爱辉区,231102000000
黑龙江省,黑河市,逊克县,231123000000
黑龙江省,黑河市,孙吴县,231124000000
黑龙江省,黑河市,北安市,231181000000
黑龙江省,黑河市,五大连池市,231182000000
黑龙江省,黑河市,嫩江市,231183000000
黑龙江省,绥化市,市辖区,231201000000
黑龙江省,绥化市,北林区,231202000000
黑龙江省,绥化市,望奎县,231221000000
黑龙江省,绥化市,兰西县,231222000000
黑龙江省,绥化市,青冈县,231223000000
黑龙江省,绥化市,庆安县,231224000000
黑龙江省,绥化市,明水县,231225000000
黑龙江省,绥化市,绥棱县,231226000000
黑龙江省,绥化市,安达市,231281000000
黑龙江省,绥化市,肇东市,231282000000
黑龙江省,绥化市,海伦市,231283000000
黑龙江省,大兴安岭地区,漠河市,232701000000
黑龙江省,大兴安岭地区,呼玛县,232721000000
黑龙江省,大兴安岭地区,塔河县,232722000000
黑龙江省,大兴安岭地区,加格达奇区,232761000000
黑龙江省,大兴安岭地区,松岭区,232762000000
黑龙江省,大兴安岭地区,新林区,232763000000
黑龙江省,大兴安岭地区,呼中区,232764000000
河北省,NA,NA,13
河北省,石家庄市,NA,130100000000
河北省,唐山市,NA,130200000000
河北省,秦皇岛市,NA,130300000000
河北省,邯郸市,NA,130400000000
河北省,邢台市,NA,130500000000
河北省,保定市,NA,130600000000
河北省,张家口市,NA,130700000000
河北省,承德市,NA,130800000000
河北省,沧州市,NA,130900000000
河北省,廊坊市,NA,131000000000
河北省,衡水市,NA,131100000000
河北省,石家庄市,市辖区,130101000000
河北省,石家庄市,长安区,130102000000
河北省,石家庄市,桥西区,130104000000
河北省,石家庄市,新华区,130105000000
河北省,石家庄市,井陉矿区,130107000000
河北省,石家庄市,裕华区,130108000000
河北省,石家庄市,藁城区,130109000000
河北省,石家庄市,鹿泉区,130110000000
河北省,石家庄市,栾城区,130111000000
河北省,石家庄市,井陉县,130121000000
河北省,石家庄市,正定县,130123000000
河北省,石家庄市,行唐县,130125000000
河北省,石家庄市,灵寿县,130126000000
河北省,石家庄市,高邑县,130127000000
河北省,石家庄市,深泽县,130128000000
河北省,石家庄市,赞皇县,130129000000
河北省,石家庄市,无极县,130130000000
河北省,石家庄市,平山县,130131000000
河北省,石家庄市,元氏县,130132000000
河北省,石家庄市,赵县,130133000000
河北省,石家庄市,石家庄高新技术产业开发区,130171000000
河北省,石家庄市,石家庄循环化工园区,130172000000
河北省,石家庄市,辛集市,130181000000
河北省,石家庄市,晋州市,130183000000
河北省,石家庄市,新乐市,130184000000
河北省,唐山市,市辖区,130201000000
河北省,唐山市,路南区,130202000000
河北省,唐山市,路北区,130203000000
河北省,唐山市,古冶区,130204000000
河北省,唐山市,开平区,130205000000
河北省,唐山市,丰南区,130207000000
河北省,唐山市,丰润区,130208000000
河北省,唐山市,曹妃甸区,130209000000
河北省,唐山市,滦南县,130224000000
河北省,唐山市,乐亭县,130225000000
河北省,唐山市,迁西县,130227000000
河北省,唐山市,玉田县,130229000000
河北省,唐山市,河北唐山芦台经济开发区,130271000000
河北省,唐山市,唐山市汉沽管理区,130272000000
河北省,唐山市,唐山高新技术产业开发区,130273000000
河北省,唐山市,河北唐山海港经济开发区,130274000000
河北省,唐山市,遵化市,130281000000
河北省,唐山市,迁安市,130283000000
河北省,唐山市,滦州市,130284000000
河北省,秦皇岛市,市辖区,130301000000
河北省,秦皇岛市,海港区,130302000000
河北省,秦皇岛市,山海关区,130303000000
河北省,秦皇岛市,北戴河区,130304000000
河北省,秦皇岛市,抚宁区,130306000000
河北省,秦皇岛市,青龙满族自治县,130321000000
河北省,秦皇岛市,昌黎县,130322000000
河北省,秦皇岛市,卢龙县,130324000000
河北省,秦皇岛市,秦皇岛市经济技术开发区,130371000000
河北省,秦皇岛市,北戴河新区,130372000000
河北省,邯郸市,市辖区,130401000000
河北省,邯郸市,邯山区,130402000000
河北省,邯郸市,丛台区,130403000000
河北省,邯郸市,复兴区,130404000000
河北省,邯郸市,峰峰矿区,130406000000
河北省,邯郸市,肥乡区,130407000000
河北省,邯郸市,永年区,130408000000
河北省,邯郸市,临漳县,130423000000
河北省,邯郸市,成安县,130424000000
河北省,邯郸市,大名县,130425000000
河北省,邯郸市,涉县,130426000000
河北省,邯郸市,磁县,130427000000
河北省,邯郸市,邱县,130430000000
河北省,邯郸市,鸡泽县,130431000000
河北省,邯郸市,广平县,130432000000
河北省,邯郸市,馆陶县,130433000000
河北省,邯郸市,魏县,130434000000
河北省,邯郸市,曲周县,130435000000
河北省,邯郸市,邯郸经济技术开发区,130471000000
河北省,邯郸市,邯郸冀南新区,130473000000
河北省,邯郸市,武安市,130481000000
河北省,邢台市,市辖区,130501000000
河北省,邢台市,襄都区,130502000000
河北省,邢台市,信都区,130503000000
河北省,邢台市,任泽区,130505000000
河北省,邢台市,南和区,130506000000
河北省,邢台市,临城县,130522000000
河北省,邢台市,内丘县,130523000000
河北省,邢台市,柏乡县,130524000000
河北省,邢台市,隆尧县,130525000000
河北省,邢台市,宁晋县,130528000000
河北省,邢台市,巨鹿县,130529000000
河北省,邢台市,新河县,130530000000
河北省,邢台市,广宗县,130531000000
河北省,邢台市,平乡县,130532000000
河北省,邢台市,威县,130533000000
河北省,邢台市,清河县,130534000000
河北省,邢台市,临西县,130535000000
河北省,邢台市,河北邢台经济开发区,130571000000
河北省,邢台市,南宫市,130581000000
河北省,邢台市,沙河市,130582000000
河北省,保定市,市辖区,130601000000
河北省,保定市,竞秀区,130602000000
河北省,保定市,莲池区,130606000000
河北省,保定市,满城区,130607000000
河北省,保定市,清苑区,130608000000
河北省,保定市,徐水区,130609000000
河北省,保定市,涞水县,130623000000
河北省,保定市,阜平县,130624000000
河北省,保定市,定兴县,130626000000
河北省,保定市,唐县,130627000000
河北省,保定市,高阳县,130628000000
河北省,保定市,容城县,130629000000
河北省,保定市,涞源县,130630000000
河北省,保定市,望都县,130631000000
河北省,保定市,安新县,130632000000
河北省,保定市,易县,130633000000
河北省,保定市,曲阳县,130634000000
河北省,保定市,蠡县,130635000000
河北省,保定市,顺平县,130636000000
河北省,保定市,博野县,130637000000
河北省,保定市,雄县,130638000000
河北省,保定市,保定高新技术产业开发区,130671000000
河北省,保定市,保定白沟新城,130672000000
河北省,保定市,涿州市,130681000000
河北省,保定市,定州市,130682000000
河北省,保定市,安国市,130683000000
河北省,保定市,高碑店市,130684000000
河北省,张家口市,市辖区,130701000000
河北省,张家口市,桥东区,130702000000
河北省,张家口市,桥西区,130703000000
河北省,张家口市,宣化区,130705000000
河北省,张家口市,下花园区,130706000000
河北省,张家口市,万全区,130708000000
河北省,张家口市,崇礼区,130709000000
河北省,张家口市,张北县,130722000000
河北省,张家口市,康保县,130723000000
河北省,张家口市,沽源县,130724000000
河北省,张家口市,尚义县,130725000000
河北省,张家口市,蔚县,130726000000
河北省,张家口市,阳原县,130727000000
河北省,张家口市,怀安县,130728000000
河北省,张家口市,怀来县,130730000000
河北省,张家口市,涿鹿县,130731000000
河北省,张家口市,赤城县,130732000000
河北省,张家口市,张家口经济开发区,130771000000
河北省,张家口市,张家口市察北管理区,130772000000
河北省,张家口市,张家口市塞北管理区,130773000000
河北省,承德市,市辖区,130801000000
河北省,承德市,双桥区,130802000000
河北省,承德市,双滦区,130803000000
河北省,承德市,鹰手营子矿区,130804000000
河北省,承德市,承德县,130821000000
河北省,承德市,兴隆县,130822000000
河北省,承德市,滦平县,130824000000
河北省,承德市,隆化县,130825000000
河北省,承德市,丰宁满族自治县,130826000000
河北省,承德市,宽城满族自治县,130827000000
河北省,承德市,围场满族蒙古族自治县,130828000000
河北省,承德市,承德高新技术产业开发区,130871000000
河北省,承德市,平泉市,130881000000
河北省,沧州市,市辖区,130901000000
河北省,沧州市,新华区,130902000000
河北省,沧州市,运河区,130903000000
河北省,沧州市,沧县,130921000000
河北省,沧州市,青县,130922000000
河北省,沧州市,东光县,130923000000
河北省,沧州市,海兴县,130924000000
河北省,沧州市,盐山县,130925000000
河北省,沧州市,肃宁县,130926000000
河北省,沧州市,南皮县,130927000000
河北省,沧州市,吴桥县,130928000000
河北省,沧州市,献县,130929000000
河北省,沧州市,孟村回族自治县,130930000000
河北省,沧州市,河北沧州经济开发区,130971000000
河北省,沧州市,沧州高新技术产业开发区,130972000000
河北省,沧州市,沧州渤海新区,130973000000
河北省,沧州市,泊头市,130981000000
河北省,沧州市,任丘市,130982000000
河北省,沧州市,黄骅市,130983000000
河北省,沧州市,河间市,130984000000
河北省,廊坊市,市辖区,131001000000
河北省,廊坊市,安次区,131002000000
河北省,廊坊市,广阳区,131003000000
河北省,廊坊市,固安县,131022000000
河北省,廊坊市,永清县,131023000000
河北省,廊坊市,香河县,131024000000
河北省,廊坊市,大城县,131025000000
河北省,廊坊市,文安县,131026000000
河北省,廊坊市,大厂回族自治县,131028000000
河北省,廊坊市,廊坊经济技术开发区,131071000000
河北省,廊坊市,霸州市,131081000000
河北省,廊坊市,三河市,131082000000
河北省,衡水市,市辖区,131101000000
河北省,衡水市,桃城区,131102000000
河北省,衡水市,冀州区,131103000000
河北省,衡水市,枣强县,131121000000
河北省,衡水市,武邑县,131122000000
河北省,衡水市,武强县,131123000000
河北省,衡水市,饶阳县,131124000000
河北省,衡水市,安平县,131125000000
河北省,衡水市,故城县,131126000000
河北省,衡水市,景县,131127000000
河北省,衡水市,阜城县,131128000000
河北省,衡水市,河北衡水高新技术产业开发区,131171000000
河北省,衡水市,衡水滨湖新区,131172000000
河北省,衡水市,深州市,131182000000
山东省,NA,NA,37
山东省,济南市,NA,370100000000
山东省,青岛市,NA,370200000000
山东省,淄博市,NA,370300000000
山东省,枣庄市,NA,370400000000
山东省,东营市,NA,370500000000
山东省,烟台市,NA,370600000000
山东省,潍坊市,NA,370700000000
山东省,济宁市,NA,370800000000
山东省,泰安市,NA,370900000000
山东省,威海市,NA,371000000000
山东省,日照市,NA,371100000000
山东省,临沂市,NA,371300000000
山东省,德州市,NA,371400000000
山东省,聊城市,NA,371500000000
山东省,滨州市,NA,371600000000
山东省,菏泽市,NA,371700000000
山东省,济南市,市辖区,370101000000
山东省,济南市,历下区,370102000000
山东省,济南市,市中区,370103000000
山东省,济南市,槐荫区,370104000000
山东省,济南市,天桥区,370105000000
山东省,济南市,历城区,370112000000
山东省,济南市,长清区,370113000000
山东省,济南市,章丘区,370114000000
山东省,济南市,济阳区,370115000000
山东省,济南市,莱芜区,370116000000
山东省,济南市,钢城区,370117000000
山东省,济南市,平阴县,370124000000
山东省,济南市,商河县,370126000000
山东省,济南市,济南高新技术产业开发区,370171000000
山东省,青岛市,市辖区,370201000000
山东省,青岛市,市南区,370202000000
山东省,青岛市,市北区,370203000000
山东省,青岛市,黄岛区,370211000000
山东省,青岛市,崂山区,370212000000
山东省,青岛市,李沧区,370213000000
山东省,青岛市,城阳区,370214000000
山东省,青岛市,即墨区,370215000000
山东省,青岛市,青岛高新技术产业开发区,370271000000
山东省,青岛市,胶州市,370281000000
山东省,青岛市,平度市,370283000000
山东省,青岛市,莱西市,370285000000
山东省,淄博市,市辖区,370301000000
山东省,淄博市,淄川区,370302000000
山东省,淄博市,张店区,370303000000
山东省,淄博市,博山区,370304000000
山东省,淄博市,临淄区,370305000000
山东省,淄博市,周村区,370306000000
山东省,淄博市,桓台县,370321000000
山东省,淄博市,高青县,370322000000
山东省,淄博市,沂源县,370323000000
山东省,枣庄市,市辖区,370401000000
山东省,枣庄市,市中区,370402000000
山东省,枣庄市,薛城区,370403000000
山东省,枣庄市,峄城区,370404000000
山东省,枣庄市,台儿庄区,370405000000
山东省,枣庄市,山亭区,370406000000
山东省,枣庄市,滕州市,370481000000
山东省,东营市,市辖区,370501000000
山东省,东营市,东营区,370502000000
山东省,东营市,河口区,370503000000
山东省,东营市,垦利区,370505000000
山东省,东营市,利津县,370522000000
山东省,东营市,广饶县,370523000000
山东省,东营市,东营经济技术开发区,370571000000
山东省,东营市,东营港经济开发区,370572000000
山东省,烟台市,市辖区,370601000000
山东省,烟台市,芝罘区,370602000000
山东省,烟台市,福山区,370611000000
山东省,烟台市,牟平区,370612000000
山东省,烟台市,莱山区,370613000000
山东省,烟台市,蓬莱区,370614000000
山东省,烟台市,烟台高新技术产业开发区,370671000000
山东省,烟台市,烟台经济技术开发区,370672000000
山东省,烟台市,龙口市,370681000000
山东省,烟台市,莱阳市,370682000000
山东省,烟台市,莱州市,370683000000
山东省,烟台市,招远市,370685000000
山东省,烟台市,栖霞市,370686000000
山东省,烟台市,海阳市,370687000000
山东省,潍坊市,市辖区,370701000000
山东省,潍坊市,潍城区,370702000000
山东省,潍坊市,寒亭区,370703000000
山东省,潍坊市,坊子区,370704000000
山东省,潍坊市,奎文区,370705000000
山东省,潍坊市,临朐县,370724000000
山东省,潍坊市,昌乐县,370725000000
山东省,潍坊市,潍坊滨海经济技术开发区,370772000000
山东省,潍坊市,青州市,370781000000
山东省,潍坊市,诸城市,370782000000
山东省,潍坊市,寿光市,370783000000
山东省,潍坊市,安丘市,370784000000
山东省,潍坊市,高密市,370785000000
山东省,潍坊市,昌邑市,370786000000
山东省,济宁市,市辖区,370801000000
山东省,济宁市,任城区,370811000000
山东省,济宁市,兖州区,370812000000
山东省,济宁市,微山县,370826000000
山东省,济宁市,鱼台县,370827000000
山东省,济宁市,金乡县,370828000000
山东省,济宁市,嘉祥县,370829000000
山东省,济宁市,汶上县,370830000000
山东省,济宁市,泗水县,370831000000
山东省,济宁市,梁山县,370832000000
山东省,济宁市,济宁高新技术产业开发区,370871000000
山东省,济宁市,曲阜市,370881000000
山东省,济宁市,邹城市,370883000000
山东省,泰安市,市辖区,370901000000
山东省,泰安市,泰山区,370902000000
山东省,泰安市,岱岳区,370911000000
山东省,泰安市,宁阳县,370921000000
山东省,泰安市,东平县,370923000000
山东省,泰安市,新泰市,370982000000
山东省,泰安市,肥城市,370983000000
山东省,威海市,市辖区,371001000000
山东省,威海市,环翠区,371002000000
山东省,威海市,文登区,371003000000
山东省,威海市,威海火炬高技术产业开发区,371071000000
山东省,威海市,威海经济技术开发区,371072000000
山东省,威海市,威海临港经济技术开发区,371073000000
山东省,威海市,荣成市,371082000000
山东省,威海市,乳山市,371083000000
山东省,日照市,市辖区,371101000000
山东省,日照市,东港区,371102000000
山东省,日照市,岚山区,371103000000
山东省,日照市,五莲县,371121000000
山东省,日照市,莒县,371122000000
山东省,日照市,日照经济技术开发区,371171000000
山东省,临沂市,市辖区,371301000000
山东省,临沂市,兰山区,371302000000
山东省,临沂市,罗庄区,371311000000
山东省,临沂市,河东区,371312000000
山东省,临沂市,沂南县,371321000000
山东省,临沂市,郯城县,371322000000
山东省,临沂市,沂水县,371323000000
山东省,临沂市,兰陵县,371324000000
山东省,临沂市,费县,371325000000
山东省,临沂市,平邑县,371326000000
山东省,临沂市,莒南县,371327000000
山东省,临沂市,蒙阴县,371328000000
山东省,临沂市,临沭县,371329000000
山东省,临沂市,临沂高新技术产业开发区,371371000000
山东省,德州市,市辖区,371401000000
山东省,德州市,德城区,371402000000
山东省,德州市,陵城区,371403000000
山东省,德州市,宁津县,371422000000
山东省,德州市,庆云县,371423000000
山东省,德州市,临邑县,371424000000
山东省,德州市,齐河县,371425000000
山东省,德州市,平原县,371426000000
山东省,德州市,夏津县,371427000000
山东省,德州市,武城县,371428000000
山东省,德州市,德州天衢新区,371471000000
山东省,德州市,乐陵市,371481000000
山东省,德州市,禹城市,371482000000
山东省,聊城市,市辖区,371501000000
山东省,聊城市,东昌府区,371502000000
山东省,聊城市,茌平区,371503000000
山东省,聊城市,阳谷县,371521000000
山东省,聊城市,莘县,371522000000
山东省,聊城市,东阿县,371524000000
山东省,聊城市,冠县,371525000000
山东省,聊城市,高唐县,371526000000
山东省,聊城市,临清市,371581000000
山东省,滨州市,市辖区,371601000000
山东省,滨州市,滨城区,371602000000
山东省,滨州市,沾化区,371603000000
山东省,滨州市,惠民县,371621000000
山东省,滨州市,阳信县,371622000000
山东省,滨州市,无棣县,371623000000
山东省,滨州市,博兴县,371625000000
山东省,滨州市,邹平市,371681000000
山东省,菏泽市,市辖区,371701000000
山东省,菏泽市,牡丹区,371702000000
山东省,菏泽市,定陶区,371703000000
山东省,菏泽市,曹县,371721000000
山东省,菏泽市,单县,371722000000
山东省,菏泽市,成武县,371723000000
山东省,菏泽市,巨野县,371724000000
山东省,菏泽市,郓城县,371725000000
山东省,菏泽市,鄄城县,371726000000
山东省,菏泽市,东明县,371728000000
山东省,菏泽市,菏泽经济技术开发区,371771000000
山东省,菏泽市,菏泽高新技术开发区,371772000000
西藏自治区,NA,NA,54
西藏自治区,拉萨市,NA,540100000000
西藏自治区,日喀则市,NA,540200000000
西藏自治区,昌都市,NA,540300000000
西藏自治区,林芝市,NA,540400000000
西藏自治区,山南市,NA,540500000000
西藏自治区,那曲市,NA,540600000000
西藏自治区,阿里地区,NA,542500000000
西藏自治区,拉萨市,市辖区,540101000000
西藏自治区,拉萨市,城关区,540102000000
西藏自治区,拉萨市,堆龙德庆区,540103000000
西藏自治区,拉萨市,达孜区,540104000000
西藏自治区,拉萨市,林周县,540121000000
西藏自治区,拉萨市,当雄县,540122000000
西藏自治区,拉萨市,尼木县,540123000000
西藏自治区,拉萨市,曲水县,540124000000
西藏自治区,拉萨市,墨竹工卡县,540127000000
西藏自治区,拉萨市,格尔木藏青工业园区,540171000000
西藏自治区,拉萨市,拉萨经济技术开发区,540172000000
西藏自治区,拉萨市,西藏文化旅游创意园区,540173000000
西藏自治区,拉萨市,达孜工业园区,540174000000
西藏自治区,日喀则市,桑珠孜区,540202000000
西藏自治区,日喀则市,南木林县,540221000000
西藏自治区,日喀则市,江孜县,540222000000
西藏自治区,日喀则市,定日县,540223000000
西藏自治区,日喀则市,萨迦县,540224000000
西藏自治区,日喀则市,拉孜县,540225000000
西藏自治区,日喀则市,昂仁县,540226000000
西藏自治区,日喀则市,谢通门县,540227000000
西藏自治区,日喀则市,白朗县,540228000000
西藏自治区,日喀则市,仁布县,540229000000
西藏自治区,日喀则市,康马县,540230000000
西藏自治区,日喀则市,定结县,540231000000
西藏自治区,日喀则市,仲巴县,540232000000
西藏自治区,日喀则市,亚东县,540233000000
西藏自治区,日喀则市,吉隆县,540234000000
西藏自治区,日喀则市,聂拉木县,540235000000
西藏自治区,日喀则市,萨嘎县,540236000000
西藏自治区,日喀则市,岗巴县,540237000000
西藏自治区,昌都市,卡若区,540302000000
西藏自治区,昌都市,江达县,540321000000
西藏自治区,昌都市,贡觉县,540322000000
西藏自治区,昌都市,类乌齐县,540323000000
西藏自治区,昌都市,丁青县,540324000000
西藏自治区,昌都市,察雅县,540325000000
西藏自治区,昌都市,八宿县,540326000000
西藏自治区,昌都市,左贡县,540327000000
西藏自治区,昌都市,芒康县,540328000000
西藏自治区,昌都市,洛隆县,540329000000
西藏自治区,昌都市,边坝县,540330000000
西藏自治区,林芝市,巴宜区,540402000000
西藏自治区,林芝市,工布江达县,540421000000
西藏自治区,林芝市,米林县,540422000000
西藏自治区,林芝市,墨脱县,540423000000
西藏自治区,林芝市,波密县,540424000000
西藏自治区,林芝市,察隅县,540425000000
西藏自治区,林芝市,朗县,540426000000
西藏自治区,山南市,市辖区,540501000000
西藏自治区,山南市,乃东区,540502000000
西藏自治区,山南市,扎囊县,540521000000
西藏自治区,山南市,贡嘎县,540522000000
西藏自治区,山南市,桑日县,540523000000
西藏自治区,山南市,琼结县,540524000000
西藏自治区,山南市,曲松县,540525000000
西藏自治区,山南市,措美县,540526000000
西藏自治区,山南市,洛扎县,540527000000
西藏自治区,山南市,加查县,540528000000
西藏自治区,山南市,隆子县,540529000000
西藏自治区,山南市,错那县,540530000000
西藏自治区,山南市,浪卡子县,540531000000
西藏自治区,那曲市,色尼区,540602000000
西藏自治区,那曲市,嘉黎县,540621000000
西藏自治区,那曲市,比如县,540622000000
西藏自治区,那曲市,聂荣县,540623000000
西藏自治区,那曲市,安多县,540624000000
西藏自治区,那曲市,申扎县,540625000000
西藏自治区,那曲市,索县,540626000000
西藏自治区,那曲市,班戈县,540627000000
西藏自治区,那曲市,巴青县,540628000000
西藏自治区,那曲市,尼玛县,540629000000
西藏自治区,那曲市,双湖县,540630000000
西藏自治区,阿里地区,普兰县,542521000000
西藏自治区,阿里地区,札达县,542522000000
西藏自治区,阿里地区,噶尔县,542523000000
西藏自治区,阿里地区,日土县,542524000000
西藏自治区,阿里地区,革吉县,542525000000
西藏自治区,阿里地区,改则县,542526000000
西藏自治区,阿里地区,措勤县,542527000000
贵州省,NA,NA,52
贵州省,贵阳市,NA,520100000000
贵州省,六盘水市,NA,520200000000
贵州省,遵义市,NA,520300000000
贵州省,安顺市,NA,520400000000
贵州省,毕节市,NA,520500000000
贵州省,铜仁市,NA,520600000000
贵州省,黔西南布依族苗族自治州,NA,522300000000
贵州省,黔东南苗族侗族自治州,NA,522600000000
贵州省,黔南布依族苗族自治州,NA,522700000000
贵州省,贵阳市,市辖区,520101000000
贵州省,贵阳市,南明区,520102000000
贵州省,贵阳市,云岩区,520103000000
贵州省,贵阳市,花溪区,520111000000
贵州省,贵阳市,乌当区,520112000000
贵州省,贵阳市,白云区,520113000000
贵州省,贵阳市,观山湖区,520115000000
贵州省,贵阳市,开阳县,520121000000
贵州省,贵阳市,息烽县,520122000000
贵州省,贵阳市,修文县,520123000000
贵州省,贵阳市,清镇市,520181000000
贵州省,六盘水市,钟山区,520201000000
贵州省,六盘水市,六枝特区,520203000000
贵州省,六盘水市,水城区,520204000000
贵州省,六盘水市,盘州市,520281000000
贵州省,遵义市,市辖区,520301000000
贵州省,遵义市,红花岗区,520302000000
贵州省,遵义市,汇川区,520303000000
贵州省,遵义市,播州区,520304000000
贵州省,遵义市,桐梓县,520322000000
贵州省,遵义市,绥阳县,520323000000
贵州省,遵义市,正安县,520324000000
贵州省,遵义市,道真仡佬族苗族自治县,520325000000
贵州省,遵义市,务川仡佬族苗族自治县,520326000000
贵州省,遵义市,凤冈县,520327000000
贵州省,遵义市,湄潭县,520328000000
贵州省,遵义市,余庆县,520329000000
贵州省,遵义市,习水县,520330000000
贵州省,遵义市,赤水市,520381000000
贵州省,遵义市,仁怀市,520382000000
贵州省,安顺市,市辖区,520401000000
贵州省,安顺市,西秀区,520402000000
贵州省,安顺市,平坝区,520403000000
贵州省,安顺市,普定县,520422000000
贵州省,安顺市,镇宁布依族苗族自治县,520423000000
贵州省,安顺市,关岭布依族苗族自治县,520424000000
贵州省,安顺市,紫云苗族布依族自治县,520425000000
贵州省,毕节市,市辖区,520501000000
贵州省,毕节市,七星关区,520502000000
贵州省,毕节市,大方县,520521000000
贵州省,毕节市,金沙县,520523000000
贵州省,毕节市,织金县,520524000000
贵州省,毕节市,纳雍县,520525000000
贵州省,毕节市,威宁彝族回族苗族自治县,520526000000
贵州省,毕节市,赫章县,520527000000
贵州省,毕节市,黔西市,520581000000
贵州省,铜仁市,市辖区,520601000000
贵州省,铜仁市,碧江区,520602000000
贵州省,铜仁市,万山区,520603000000
贵州省,铜仁市,江口县,520621000000
贵州省,铜仁市,玉屏侗族自治县,520622000000
贵州省,铜仁市,石阡县,520623000000
贵州省,铜仁市,思南县,520624000000
贵州省,铜仁市,印江土家族苗族自治县,520625000000
贵州省,铜仁市,德江县,520626000000
贵州省,铜仁市,沿河土家族自治县,520627000000
贵州省,铜仁市,松桃苗族自治县,520628000000
贵州省,黔西南布依族苗族自治州,兴义市,522301000000
贵州省,黔西南布依族苗族自治州,兴仁市,522302000000
贵州省,黔西南布依族苗族自治州,普安县,522323000000
贵州省,黔西南布依族苗族自治州,晴隆县,522324000000
贵州省,黔西南布依族苗族自治州,贞丰县,522325000000
贵州省,黔西南布依族苗族自治州,望谟县,522326000000
贵州省,黔西南布依族苗族自治州,册亨县,522327000000
贵州省,黔西南布依族苗族自治州,安龙县,522328000000
贵州省,黔东南苗族侗族自治州,凯里市,522601000000
贵州省,黔东南苗族侗族自治州,黄平县,522622000000
贵州省,黔东南苗族侗族自治州,施秉县,522623000000
贵州省,黔东南苗族侗族自治州,三穗县,522624000000
贵州省,黔东南苗族侗族自治州,镇远县,522625000000
贵州省,黔东南苗族侗族自治州,岑巩县,522626000000
贵州省,黔东南苗族侗族自治州,天柱县,522627000000
贵州省,黔东南苗族侗族自治州,锦屏县,522628000000
贵州省,黔东南苗族侗族自治州,剑河县,522629000000
贵州省,黔东南苗族侗族自治州,台江县,522630000000
贵州省,黔东南苗族侗族自治州,黎平县,522631000000
贵州省,黔东南苗族侗族自治州,榕江县,522632000000
贵州省,黔东南苗族侗族自治州,从江县,522633000000
贵州省,黔东南苗族侗族自治州,雷山县,522634000000
贵州省,黔东南苗族侗族自治州,麻江县,522635000000
贵州省,黔东南苗族侗族自治州,丹寨县,522636000000
贵州省,黔南布依族苗族自治州,都匀市,522701000000
贵州省,黔南布依族苗族自治州,福泉市,522702000000
贵州省,黔南布依族苗族自治州,荔波县,522722000000
贵州省,黔南布依族苗族自治州,贵定县,522723000000
贵州省,黔南布依族苗族自治州,瓮安县,522725000000
贵州省,黔南布依族苗族自治州,独山县,522726000000
贵州省,黔南布依族苗族自治州,平塘县,522727000000
贵州省,黔南布依族苗族自治州,罗甸县,522728000000
贵州省,黔南布依族苗族自治州,长顺县,522729000000
贵州省,黔南布依族苗族自治州,龙里县,522730000000
贵州省,黔南布依族苗族自治州,惠水县,522731000000
贵州省,黔南布依族苗族自治州,三都水族自治县,522732000000
江苏省,NA,NA,32
江苏省,南京市,NA,320100000000
江苏省,无锡市,NA,320200000000
江苏省,徐州市,NA,320300000000
江苏省,常州市,NA,320400000000
江苏省,苏州市,NA,320500000000
江苏省,南通市,NA,320600000000
江苏省,连云港市,NA,320700000000
江苏省,淮安市,NA,320800000000
江苏省,盐城市,NA,320900000000
江苏省,扬州市,NA,321000000000
江苏省,镇江市,NA,321100000000
江苏省,泰州市,NA,321200000000
江苏省,宿迁市,NA,321300000000
江苏省,南京市,市辖区,320101000000
江苏省,南京市,玄武区,320102000000
江苏省,南京市,秦淮区,320104000000
江苏省,南京市,建邺区,320105000000
江苏省,南京市,鼓楼区,320106000000
江苏省,南京市,浦口区,320111000000
江苏省,南京市,栖霞区,320113000000
江苏省,南京市,雨花台区,320114000000
江苏省,南京市,江宁区,320115000000
江苏省,南京市,六合区,320116000000
江苏省,南京市,溧水区,320117000000
江苏省,南京市,高淳区,320118000000
江苏省,无锡市,市辖区,320201000000
江苏省,无锡市,锡山区,320205000000
江苏省,无锡市,惠山区,320206000000
江苏省,无锡市,滨湖区,320211000000
江苏省,无锡市,梁溪区,320213000000
江苏省,无锡市,新吴区,320214000000
江苏省,无锡市,江阴市,320281000000
江苏省,无锡市,宜兴市,320282000000
江苏省,徐州市,市辖区,320301000000
江苏省,徐州市,鼓楼区,320302000000
江苏省,徐州市,云龙区,320303000000
江苏省,徐州市,贾汪区,320305000000
江苏省,徐州市,泉山区,320311000000
江苏省,徐州市,铜山区,320312000000
江苏省,徐州市,丰县,320321000000
江苏省,徐州市,沛县,320322000000
江苏省,徐州市,睢宁县,320324000000
江苏省,徐州市,徐州经济技术开发区,320371000000
江苏省,徐州市,新沂市,320381000000
江苏省,徐州市,邳州市,320382000000
江苏省,常州市,市辖区,320401000000
江苏省,常州市,天宁区,320402000000
江苏省,常州市,钟楼区,320404000000
江苏省,常州市,新北区,320411000000
江苏省,常州市,武进区,320412000000
江苏省,常州市,金坛区,320413000000
江苏省,常州市,溧阳市,320481000000
江苏省,苏州市,市辖区,320501000000
江苏省,苏州市,虎丘区,320505000000
江苏省,苏州市,吴中区,320506000000
江苏省,苏州市,相城区,320507000000
江苏省,苏州市,姑苏区,320508000000
江苏省,苏州市,吴江区,320509000000
江苏省,苏州市,苏州工业园区,320571000000
江苏省,苏州市,常熟市,320581000000
江苏省,苏州市,张家港市,320582000000
江苏省,苏州市,昆山市,320583000000
江苏省,苏州市,太仓市,320585000000
江苏省,南通市,市辖区,320601000000
江苏省,南通市,通州区,320612000000
江苏省,南通市,崇川区,320613000000
江苏省,南通市,海门区,320614000000
江苏省,南通市,如东县,320623000000
江苏省,南通市,南通经济技术开发区,320671000000
江苏省,南通市,启东市,320681000000
江苏省,南通市,如皋市,320682000000
江苏省,南通市,海安市,320685000000
江苏省,连云港市,市辖区,320701000000
江苏省,连云港市,连云区,320703000000
江苏省,连云港市,海州区,320706000000
江苏省,连云港市,赣榆区,320707000000
江苏省,连云港市,东海县,320722000000
江苏省,连云港市,灌云县,320723000000
江苏省,连云港市,灌南县,320724000000
江苏省,连云港市,连云港经济技术开发区,320771000000
江苏省,连云港市,连云港高新技术产业开发区,320772000000
江苏省,淮安市,市辖区,320801000000
江苏省,淮安市,淮安区,320803000000
江苏省,淮安市,淮阴区,320804000000
江苏省,淮安市,清江浦区,320812000000
江苏省,淮安市,洪泽区,320813000000
江苏省,淮安市,涟水县,320826000000
江苏省,淮安市,盱眙县,320830000000
江苏省,淮安市,金湖县,320831000000
江苏省,淮安市,淮安经济技术开发区,320871000000
江苏省,盐城市,市辖区,320901000000
江苏省,盐城市,亭湖区,320902000000
江苏省,盐城市,盐都区,320903000000
江苏省,盐城市,大丰区,320904000000
江苏省,盐城市,响水县,320921000000
江苏省,盐城市,滨海县,320922000000
江苏省,盐城市,阜宁县,320923000000
江苏省,盐城市,射阳县,320924000000
江苏省,盐城市,建湖县,320925000000
江苏省,盐城市,盐城经济技术开发区,320971000000
江苏省,盐城市,东台市,320981000000
江苏省,扬州市,市辖区,321001000000
江苏省,扬州市,广陵区,321002000000
江苏省,扬州市,邗江区,321003000000
江苏省,扬州市,江都区,321012000000
江苏省,扬州市,宝应县,321023000000
江苏省,扬州市,扬州经济技术开发区,321071000000
江苏省,扬州市,仪征市,321081000000
江苏省,扬州市,高邮市,321084000000
江苏省,镇江市,市辖区,321101000000
江苏省,镇江市,京口区,321102000000
江苏省,镇江市,润州区,321111000000
江苏省,镇江市,丹徒区,321112000000
江苏省,镇江市,镇江新区,321171000000
江苏省,镇江市,丹阳市,321181000000
江苏省,镇江市,扬中市,321182000000
江苏省,镇江市,句容市,321183000000
江苏省,泰州市,市辖区,321201000000
江苏省,泰州市,海陵区,321202000000
江苏省,泰州市,高港区,321203000000
江苏省,泰州市,姜堰区,321204000000
江苏省,泰州市,泰州医药高新技术产业开发区,321271000000
江苏省,泰州市,兴化市,321281000000
江苏省,泰州市,靖江市,321282000000
江苏省,泰州市,泰兴市,321283000000
江苏省,宿迁市,市辖区,321301000000
江苏省,宿迁市,宿城区,321302000000
江苏省,宿迁市,宿豫区,321311000000
江苏省,宿迁市,沭阳县,321322000000
江苏省,宿迁市,泗阳县,321323000000
江苏省,宿迁市,泗洪县,321324000000
江苏省,宿迁市,宿迁经济技术开发区,321371000000
福建省,NA,NA,35
福建省,福州市,NA,350100000000
福建省,厦门市,NA,350200000000
福建省,莆田市,NA,350300000000
福建省,三明市,NA,350400000000
福建省,泉州市,NA,350500000000
福建省,漳州市,NA,350600000000
福建省,南平市,NA,350700000000
福建省,龙岩市,NA,350800000000
福建省,宁德市,NA,350900000000
福建省,福州市,市辖区,350101000000
福建省,福州市,鼓楼区,350102000000
福建省,福州市,台江区,350103000000
福建省,福州市,仓山区,350104000000
福建省,福州市,马尾区,350105000000
福建省,福州市,晋安区,350111000000
福建省,福州市,长乐区,350112000000
福建省,福州市,闽侯县,350121000000
福建省,福州市,连江县,350122000000
福建省,福州市,罗源县,350123000000
福建省,福州市,闽清县,350124000000
福建省,福州市,永泰县,350125000000
福建省,福州市,平潭县,350128000000
福建省,福州市,福清市,350181000000
福建省,厦门市,市辖区,350201000000
福建省,厦门市,思明区,350203000000
福建省,厦门市,海沧区,350205000000
福建省,厦门市,湖里区,350206000000
福建省,厦门市,集美区,350211000000
福建省,厦门市,同安区,350212000000
福建省,厦门市,翔安区,350213000000
福建省,莆田市,市辖区,350301000000
福建省,莆田市,城厢区,350302000000
福建省,莆田市,涵江区,350303000000
福建省,莆田市,荔城区,350304000000
福建省,莆田市,秀屿区,350305000000
福建省,莆田市,仙游县,350322000000
福建省,三明市,市辖区,350401000000
福建省,三明市,三元区,350404000000
福建省,三明市,沙县区,350405000000
福建省,三明市,明溪县,350421000000
福建省,三明市,清流县,350423000000
福建省,三明市,宁化县,350424000000
福建省,三明市,大田县,350425000000
福建省,三明市,尤溪县,350426000000
福建省,三明市,将乐县,350428000000
福建省,三明市,泰宁县,350429000000
福建省,三明市,建宁县,350430000000
福建省,三明市,永安市,350481000000
福建省,泉州市,市辖区,350501000000
福建省,泉州市,鲤城区,350502000000
福建省,泉州市,丰泽区,350503000000
福建省,泉州市,洛江区,350504000000
福建省,泉州市,泉港区,350505000000
福建省,泉州市,惠安县,350521000000
福建省,泉州市,安溪县,350524000000
福建省,泉州市,永春县,350525000000
福建省,泉州市,德化县,350526000000
福建省,泉州市,金门县,350527000000
福建省,泉州市,石狮市,350581000000
福建省,泉州市,晋江市,350582000000
福建省,泉州市,南安市,350583000000
福建省,漳州市,市辖区,350601000000
福建省,漳州市,芗城区,350602000000
福建省,漳州市,龙文区,350603000000
福建省,漳州市,龙海区,350604000000
福建省,漳州市,长泰区,350605000000
福建省,漳州市,云霄县,350622000000
福建省,漳州市,漳浦县,350623000000
福建省,漳州市,诏安县,350624000000
福建省,漳州市,东山县,350626000000
福建省,漳州市,南靖县,350627000000
福建省,漳州市,平和县,350628000000
福建省,漳州市,华安县,350629000000
福建省,南平市,市辖区,350701000000
福建省,南平市,延平区,350702000000
福建省,南平市,建阳区,350703000000
福建省,南平市,顺昌县,350721000000
福建省,南平市,浦城县,350722000000
福建省,南平市,光泽县,350723000000
福建省,南平市,松溪县,350724000000
福建省,南平市,政和县,350725000000
福建省,南平市,邵武市,350781000000
福建省,南平市,武夷山市,350782000000
福建省,南平市,建瓯市,350783000000
福建省,龙岩市,市辖区,350801000000
福建省,龙岩市,新罗区,350802000000
福建省,龙岩市,永定区,350803000000
福建省,龙岩市,长汀县,350821000000
福建省,龙岩市,上杭县,350823000000
福建省,龙岩市,武平县,350824000000
福建省,龙岩市,连城县,350825000000
福建省,龙岩市,漳平市,350881000000
福建省,宁德市,市辖区,350901000000
福建省,宁德市,蕉城区,350902000000
福建省,宁德市,霞浦县,350921000000
福建省,宁德市,古田县,350922000000
福建省,宁德市,屏南县,350923000000
福建省,宁德市,寿宁县,350924000000
福建省,宁德市,周宁县,350925000000
福建省,宁德市,柘荣县,350926000000
福建省,宁德市,福安市,350981000000
福建省,宁德市,福鼎市,350982000000
四川省,NA,NA,51
四川省,成都市,NA,510100000000
四川省,自贡市,NA,510300000000
四川省,攀枝花市,NA,510400000000
四川省,泸州市,NA,510500000000
四川省,德阳市,NA,510600000000
四川省,绵阳市,NA,510700000000
四川省,广元市,NA,510800000000
四川省,遂宁市,NA,510900000000
四川省,内江市,NA,511000000000
四川省,乐山市,NA,511100000000
四川省,南充市,NA,511300000000
四川省,眉山市,NA,511400000000
四川省,宜宾市,NA,511500000000
四川省,广安市,NA,511600000000
四川省,达州市,NA,511700000000
四川省,雅安市,NA,511800000000
四川省,巴中市,NA,511900000000
四川省,资阳市,NA,512000000000
四川省,阿坝藏族羌族自治州,NA,513200000000
四川省,甘孜藏族自治州,NA,513300000000
四川省,凉山彝族自治州,NA,513400000000
四川省,成都市,市辖区,510101000000
四川省,成都市,锦江区,510104000000
四川省,成都市,青羊区,510105000000
四川省,成都市,金牛区,510106000000
四川省,成都市,武侯区,510107000000
四川省,成都市,成华区,510108000000
四川省,成都市,龙泉驿区,510112000000
四川省,成都市,青白江区,510113000000
四川省,成都市,新都区,510114000000
四川省,成都市,温江区,510115000000
四川省,成都市,双流区,510116000000
四川省,成都市,郫都区,510117000000
四川省,成都市,新津区,510118000000
四川省,成都市,金堂县,510121000000
四川省,成都市,大邑县,510129000000
四川省,成都市,蒲江县,510131000000
四川省,成都市,都江堰市,510181000000
四川省,成都市,彭州市,510182000000
四川省,成都市,邛崃市,510183000000
四川省,成都市,崇州市,510184000000
四川省,成都市,简阳市,510185000000
四川省,自贡市,市辖区,510301000000
四川省,自贡市,自流井区,510302000000
四川省,自贡市,贡井区,510303000000
四川省,自贡市,大安区,510304000000
四川省,自贡市,沿滩区,510311000000
四川省,自贡市,荣县,510321000000
四川省,自贡市,富顺县,510322000000
四川省,攀枝花市,市辖区,510401000000
四川省,攀枝花市,东区,510402000000
四川省,攀枝花市,西区,510403000000
四川省,攀枝花市,仁和区,510411000000
四川省,攀枝花市,米易县,510421000000
四川省,攀枝花市,盐边县,510422000000
四川省,泸州市,市辖区,510501000000
四川省,泸州市,江阳区,510502000000
四川省,泸州市,纳溪区,510503000000
四川省,泸州市,龙马潭区,510504000000
四川省,泸州市,泸县,510521000000
四川省,泸州市,合江县,510522000000
四川省,泸州市,叙永县,510524000000
四川省,泸州市,古蔺县,510525000000
四川省,德阳市,市辖区,510601000000
四川省,德阳市,旌阳区,510603000000
四川省,德阳市,罗江区,510604000000
四川省,德阳市,中江县,510623000000
四川省,德阳市,广汉市,510681000000
四川省,德阳市,什邡市,510682000000
四川省,德阳市,绵竹市,510683000000
四川省,绵阳市,市辖区,510701000000
四川省,绵阳市,涪城区,510703000000
四川省,绵阳市,游仙区,510704000000
四川省,绵阳市,安州区,510705000000
四川省,绵阳市,三台县,510722000000
四川省,绵阳市,盐亭县,510723000000
四川省,绵阳市,梓潼县,510725000000
四川省,绵阳市,北川羌族自治县,510726000000
四川省,绵阳市,平武县,510727000000
四川省,绵阳市,江油市,510781000000
四川省,广元市,市辖区,510801000000
四川省,广元市,利州区,510802000000
四川省,广元市,昭化区,510811000000
四川省,广元市,朝天区,510812000000
四川省,广元市,旺苍县,510821000000
四川省,广元市,青川县,510822000000
四川省,广元市,剑阁县,510823000000
四川省,广元市,苍溪县,510824000000
四川省,遂宁市,市辖区,510901000000
四川省,遂宁市,船山区,510903000000
四川省,遂宁市,安居区,510904000000
四川省,遂宁市,蓬溪县,510921000000
四川省,遂宁市,大英县,510923000000
四川省,遂宁市,射洪市,510981000000
四川省,内江市,市辖区,511001000000
四川省,内江市,市中区,511002000000
四川省,内江市,东兴区,511011000000
四川省,内江市,威远县,511024000000
四川省,内江市,资中县,511025000000
四川省,内江市,隆昌市,511083000000
四川省,乐山市,市辖区,511101000000
四川省,乐山市,市中区,511102000000
四川省,乐山市,沙湾区,511111000000
四川省,乐山市,五通桥区,511112000000
四川省,乐山市,金口河区,511113000000
四川省,乐山市,犍为县,511123000000
四川省,乐山市,井研县,511124000000
四川省,乐山市,夹江县,511126000000
四川省,乐山市,沐川县,511129000000
四川省,乐山市,峨边彝族自治县,511132000000
四川省,乐山市,马边彝族自治县,511133000000
四川省,乐山市,峨眉山市,511181000000
四川省,南充市,市辖区,511301000000
四川省,南充市,顺庆区,511302000000
四川省,南充市,高坪区,511303000000
四川省,南充市,嘉陵区,511304000000
四川省,南充市,南部县,511321000000
四川省,南充市,营山县,511322000000
四川省,南充市,蓬安县,511323000000
四川省,南充市,仪陇县,511324000000
四川省,南充市,西充县,511325000000
四川省,南充市,阆中市,511381000000
四川省,眉山市,市辖区,511401000000
四川省,眉山市,东坡区,511402000000
四川省,眉山市,彭山区,511403000000
四川省,眉山市,仁寿县,511421000000
四川省,眉山市,洪雅县,511423000000
四川省,眉山市,丹棱县,511424000000
四川省,眉山市,青神县,511425000000
四川省,宜宾市,市辖区,511501000000
四川省,宜宾市,翠屏区,511502000000
四川省,宜宾市,南溪区,511503000000
四川省,宜宾市,叙州区,511504000000
四川省,宜宾市,江安县,511523000000
四川省,宜宾市,长宁县,511524000000
四川省,宜宾市,高县,511525000000
四川省,宜宾市,珙县,511526000000
四川省,宜宾市,筠连县,511527000000
四川省,宜宾市,兴文县,511528000000
四川省,宜宾市,屏山县,511529000000
四川省,广安市,市辖区,511601000000
四川省,广安市,广安区,511602000000
四川省,广安市,前锋区,511603000000
四川省,广安市,岳池县,511621000000
四川省,广安市,武胜县,511622000000
四川省,广安市,邻水县,511623000000
四川省,广安市,华蓥市,511681000000
四川省,达州市,市辖区,511701000000
四川省,达州市,通川区,511702000000
四川省,达州市,达川区,511703000000
四川省,达州市,宣汉县,511722000000
四川省,达州市,开江县,511723000000
四川省,达州市,大竹县,511724000000
四川省,达州市,渠县,511725000000
四川省,达州市,万源市,511781000000
四川省,雅安市,市辖区,511801000000
四川省,雅安市,雨城区,511802000000
四川省,雅安市,名山区,511803000000
四川省,雅安市,荥经县,511822000000
四川省,雅安市,汉源县,511823000000
四川省,雅安市,石棉县,511824000000
四川省,雅安市,天全县,511825000000
四川省,雅安市,芦山县,511826000000
四川省,雅安市,宝兴县,511827000000
四川省,巴中市,市辖区,511901000000
四川省,巴中市,巴州区,511902000000
四川省,巴中市,恩阳区,511903000000
四川省,巴中市,通江县,511921000000
四川省,巴中市,南江县,511922000000
四川省,巴中市,平昌县,511923000000
四川省,资阳市,市辖区,512001000000
四川省,资阳市,雁江区,512002000000
四川省,资阳市,安岳县,512021000000
四川省,资阳市,乐至县,512022000000
四川省,阿坝藏族羌族自治州,马尔康市,513201000000
四川省,阿坝藏族羌族自治州,汶川县,513221000000
四川省,阿坝藏族羌族自治州,理县,513222000000
四川省,阿坝藏族羌族自治州,茂县,513223000000
四川省,阿坝藏族羌族自治州,松潘县,513224000000
四川省,阿坝藏族羌族自治州,九寨沟县,513225000000
四川省,阿坝藏族羌族自治州,金川县,513226000000
四川省,阿坝藏族羌族自治州,小金县,513227000000
四川省,阿坝藏族羌族自治州,黑水县,513228000000
四川省,阿坝藏族羌族自治州,壤塘县,513230000000
四川省,阿坝藏族羌族自治州,阿坝县,513231000000
四川省,阿坝藏族羌族自治州,若尔盖县,513232000000
四川省,阿坝藏族羌族自治州,红原县,513233000000
四川省,甘孜藏族自治州,康定市,513301000000
四川省,甘孜藏族自治州,泸定县,513322000000
四川省,甘孜藏族自治州,丹巴县,513323000000
四川省,甘孜藏族自治州,九龙县,513324000000
四川省,甘孜藏族自治州,雅江县,513325000000
四川省,甘孜藏族自治州,道孚县,513326000000
四川省,甘孜藏族自治州,炉霍县,513327000000
四川省,甘孜藏族自治州,甘孜县,513328000000
四川省,甘孜藏族自治州,新龙县,513329000000
四川省,甘孜藏族自治州,德格县,513330000000
四川省,甘孜藏族自治州,白玉县,513331000000
四川省,甘孜藏族自治州,石渠县,513332000000
四川省,甘孜藏族自治州,色达县,513333000000
四川省,甘孜藏族自治州,理塘县,513334000000
四川省,甘孜藏族自治州,巴塘县,513335000000
四川省,甘孜藏族自治州,乡城县,513336000000
四川省,甘孜藏族自治州,稻城县,513337000000
四川省,甘孜藏族自治州,得荣县,513338000000
四川省,凉山彝族自治州,西昌市,513401000000
四川省,凉山彝族自治州,会理市,513402000000
四川省,凉山彝族自治州,木里藏族自治县,513422000000
四川省,凉山彝族自治州,盐源县,513423000000
四川省,凉山彝族自治州,德昌县,513424000000
四川省,凉山彝族自治州,会东县,513426000000
四川省,凉山彝族自治州,宁南县,513427000000
四川省,凉山彝族自治州,普格县,513428000000
四川省,凉山彝族自治州,布拖县,513429000000
四川省,凉山彝族自治州,金阳县,513430000000
四川省,凉山彝族自治州,昭觉县,513431000000
四川省,凉山彝族自治州,喜德县,513432000000
四川省,凉山彝族自治州,冕宁县,513433000000
四川省,凉山彝族自治州,越西县,513434000000
四川省,凉山彝族自治州,甘洛县,513435000000
四川省,凉山彝族自治州,美姑县,513436000000
四川省,凉山彝族自治州,雷波县,513437000000
河南省,NA,NA,41
河南省,郑州市,NA,410100000000
河南省,开封市,NA,410200000000
河南省,洛阳市,NA,410300000000
河南省,平顶山市,NA,410400000000
河南省,安阳市,NA,410500000000
河南省,鹤壁市,NA,410600000000
河南省,新乡市,NA,410700000000
河南省,焦作市,NA,410800000000
河南省,濮阳市,NA,410900000000
河南省,许昌市,NA,411000000000
河南省,漯河市,NA,411100000000
河南省,三门峡市,NA,411200000000
河南省,南阳市,NA,411300000000
河南省,商丘市,NA,411400000000
河南省,信阳市,NA,411500000000
河南省,周口市,NA,411600000000
河南省,驻马店市,NA,411700000000
河南省,省直辖县级行政区划,NA,419000000000
河南省,郑州市,市辖区,410101000000
河南省,郑州市,中原区,410102000000
河南省,郑州市,二七区,410103000000
河南省,郑州市,管城回族区,410104000000
河南省,郑州市,金水区,410105000000
河南省,郑州市,上街区,410106000000
河南省,郑州市,惠济区,410108000000
河南省,郑州市,中牟县,410122000000
河南省,郑州市,郑州经济技术开发区,410171000000
河南省,郑州市,郑州高新技术产业开发区,410172000000
河南省,郑州市,郑州航空港经济综合实验区,410173000000
河南省,郑州市,巩义市,410181000000
河南省,郑州市,荥阳市,410182000000
河南省,郑州市,新密市,410183000000
河南省,郑州市,新郑市,410184000000
河南省,郑州市,登封市,410185000000
河南省,开封市,市辖区,410201000000
河南省,开封市,龙亭区,410202000000
河南省,开封市,顺河回族区,410203000000
河南省,开封市,鼓楼区,410204000000
河南省,开封市,禹王台区,410205000000
河南省,开封市,祥符区,410212000000
河南省,开封市,杞县,410221000000
河南省,开封市,通许县,410222000000
河南省,开封市,尉氏县,410223000000
河南省,开封市,兰考县,410225000000
河南省,洛阳市,市辖区,410301000000
河南省,洛阳市,老城区,410302000000
河南省,洛阳市,西工区,410303000000
河南省,洛阳市,瀍河回族区,410304000000
河南省,洛阳市,涧西区,410305000000
河南省,洛阳市,偃师区,410307000000
河南省,洛阳市,孟津区,410308000000
河南省,洛阳市,洛龙区,410311000000
河南省,洛阳市,新安县,410323000000
河南省,洛阳市,栾川县,410324000000
河南省,洛阳市,嵩县,410325000000
河南省,洛阳市,汝阳县,410326000000
河南省,洛阳市,宜阳县,410327000000
河南省,洛阳市,洛宁县,410328000000
河南省,洛阳市,伊川县,410329000000
河南省,洛阳市,洛阳高新技术产业开发区,410371000000
河南省,平顶山市,市辖区,410401000000
河南省,平顶山市,新华区,410402000000
河南省,平顶山市,卫东区,410403000000
河南省,平顶山市,石龙区,410404000000
河南省,平顶山市,湛河区,410411000000
河南省,平顶山市,宝丰县,410421000000
河南省,平顶山市,叶县,410422000000
河南省,平顶山市,鲁山县,410423000000
河南省,平顶山市,郏县,410425000000
河南省,平顶山市,平顶山高新技术产业开发区,410471000000
河南省,平顶山市,平顶山市城乡一体化示范区,410472000000
河南省,平顶山市,舞钢市,410481000000
河南省,平顶山市,汝州市,410482000000
河南省,安阳市,市辖区,410501000000
河南省,安阳市,文峰区,410502000000
河南省,安阳市,北关区,410503000000
河南省,安阳市,殷都区,410505000000
河南省,安阳市,龙安区,410506000000
河南省,安阳市,安阳县,410522000000
河南省,安阳市,汤阴县,410523000000
河南省,安阳市,滑县,410526000000
河南省,安阳市,内黄县,410527000000
河南省,安阳市,安阳高新技术产业开发区,410571000000
河南省,安阳市,林州市,410581000000
河南省,鹤壁市,市辖区,410601000000
河南省,鹤壁市,鹤山区,410602000000
河南省,鹤壁市,山城区,410603000000
河南省,鹤壁市,淇滨区,410611000000
河南省,鹤壁市,浚县,410621000000
河南省,鹤壁市,淇县,410622000000
河南省,鹤壁市,鹤壁经济技术开发区,410671000000
河南省,新乡市,市辖区,410701000000
河南省,新乡市,红旗区,410702000000
河南省,新乡市,卫滨区,410703000000
河南省,新乡市,凤泉区,410704000000
河南省,新乡市,牧野区,410711000000
河南省,新乡市,新乡县,410721000000
河南省,新乡市,获嘉县,410724000000
河南省,新乡市,原阳县,410725000000
河南省,新乡市,延津县,410726000000
河南省,新乡市,封丘县,410727000000
河南省,新乡市,新乡高新技术产业开发区,410771000000
河南省,新乡市,新乡经济技术开发区,410772000000
河南省,新乡市,新乡市平原城乡一体化示范区,410773000000
河南省,新乡市,卫辉市,410781000000
河南省,新乡市,辉县市,410782000000
河南省,新乡市,长垣市,410783000000
河南省,焦作市,市辖区,410801000000
河南省,焦作市,解放区,410802000000
河南省,焦作市,中站区,410803000000
河南省,焦作市,马村区,410804000000
河南省,焦作市,山阳区,410811000000
河南省,焦作市,修武县,410821000000
河南省,焦作市,博爱县,410822000000
河南省,焦作市,武陟县,410823000000
河南省,焦作市,温县,410825000000
河南省,焦作市,焦作城乡一体化示范区,410871000000
河南省,焦作市,沁阳市,410882000000
河南省,焦作市,孟州市,410883000000
河南省,濮阳市,市辖区,410901000000
河南省,濮阳市,华龙区,410902000000
河南省,濮阳市,清丰县,410922000000
河南省,濮阳市,南乐县,410923000000
河南省,濮阳市,范县,410926000000
河南省,濮阳市,台前县,410927000000
河南省,濮阳市,濮阳县,410928000000
河南省,濮阳市,河南濮阳工业园区,410971000000
河南省,濮阳市,濮阳经济技术开发区,410972000000
河南省,许昌市,市辖区,411001000000
河南省,许昌市,魏都区,411002000000
河南省,许昌市,建安区,411003000000
河南省,许昌市,鄢陵县,411024000000
河南省,许昌市,襄城县,411025000000
河南省,许昌市,许昌经济技术开发区,411071000000
河南省,许昌市,禹州市,411081000000
河南省,许昌市,长葛市,411082000000
河南省,漯河市,市辖区,411101000000
河南省,漯河市,源汇区,411102000000
河南省,漯河市,郾城区,411103000000
河南省,漯河市,召陵区,411104000000
河南省,漯河市,舞阳县,411121000000
河南省,漯河市,临颍县,411122000000
河南省,漯河市,漯河经济技术开发区,411171000000
河南省,三门峡市,市辖区,411201000000
河南省,三门峡市,湖滨区,411202000000
河南省,三门峡市,陕州区,411203000000
河南省,三门峡市,渑池县,411221000000
河南省,三门峡市,卢氏县,411224000000
河南省,三门峡市,河南三门峡经济开发区,411271000000
河南省,三门峡市,义马市,411281000000
河南省,三门峡市,灵宝市,411282000000
河南省,南阳市,市辖区,411301000000
河南省,南阳市,宛城区,411302000000
河南省,南阳市,卧龙区,411303000000
河南省,南阳市,南召县,411321000000
河南省,南阳市,方城县,411322000000
河南省,南阳市,西峡县,411323000000
河南省,南阳市,镇平县,411324000000
河南省,南阳市,内乡县,411325000000
河南省,南阳市,淅川县,411326000000
河南省,南阳市,社旗县,411327000000
河南省,南阳市,唐河县,411328000000
河南省,南阳市,新野县,411329000000
河南省,南阳市,桐柏县,411330000000
河南省,南阳市,南阳高新技术产业开发区,411371000000
河南省,南阳市,南阳市城乡一体化示范区,411372000000
河南省,南阳市,邓州市,411381000000
河南省,商丘市,市辖区,411401000000
河南省,商丘市,梁园区,411402000000
河南省,商丘市,睢阳区,411403000000
河南省,商丘市,民权县,411421000000
河南省,商丘市,睢县,411422000000
河南省,商丘市,宁陵县,411423000000
河南省,商丘市,柘城县,411424000000
河南省,商丘市,虞城县,411425000000
河南省,商丘市,夏邑县,411426000000
河南省,商丘市,豫东综合物流产业聚集区,411471000000
河南省,商丘市,河南商丘经济开发区,411472000000
河南省,商丘市,永城市,411481000000
河南省,信阳市,市辖区,411501000000
河南省,信阳市,浉河区,411502000000
河南省,信阳市,平桥区,411503000000
河南省,信阳市,罗山县,411521000000
河南省,信阳市,光山县,411522000000
河南省,信阳市,新县,411523000000
河南省,信阳市,商城县,411524000000
河南省,信阳市,固始县,411525000000
河南省,信阳市,潢川县,411526000000
河南省,信阳市,淮滨县,411527000000
河南省,信阳市,息县,411528000000
河南省,信阳市,信阳高新技术产业开发区,411571000000
河南省,周口市,市辖区,411601000000
河南省,周口市,川汇区,411602000000
河南省,周口市,淮阳区,411603000000
河南省,周口市,扶沟县,411621000000
河南省,周口市,西华县,411622000000
河南省,周口市,商水县,411623000000
河南省,周口市,沈丘县,411624000000
河南省,周口市,郸城县,411625000000
河南省,周口市,太康县,411627000000
河南省,周口市,鹿邑县,411628000000
河南省,周口市,河南周口经济开发区,411671000000
河南省,周口市,项城市,411681000000
河南省,驻马店市,市辖区,411701000000
河南省,驻马店市,驿城区,411702000000
河南省,驻马店市,西平县,411721000000
河南省,驻马店市,上蔡县,411722000000
河南省,驻马店市,平舆县,411723000000
河南省,驻马店市,正阳县,411724000000
河南省,驻马店市,确山县,411725000000
河南省,驻马店市,泌阳县,411726000000
河南省,驻马店市,汝南县,411727000000
河南省,驻马店市,遂平县,411728000000
河南省,驻马店市,新蔡县,411729000000
河南省,驻马店市,河南驻马店经济开发区,411771000000
河南省,省直辖县级行政区划,济源市,419001000000
内蒙古自治区,NA,NA,15
内蒙古自治区,呼和浩特市,NA,150100000000
内蒙古自治区,包头市,NA,150200000000
内蒙古自治区,乌海市,NA,150300000000
内蒙古自治区,赤峰市,NA,150400000000
内蒙古自治区,通辽市,NA,150500000000
内蒙古自治区,鄂尔多斯市,NA,150600000000
内蒙古自治区,呼伦贝尔市,NA,150700000000
内蒙古自治区,巴彦淖尔市,NA,150800000000
内蒙古自治区,乌兰察布市,NA,150900000000
内蒙古自治区,兴安盟,NA,152200000000
内蒙古自治区,锡林郭勒盟,NA,152500000000
内蒙古自治区,阿拉善盟,NA,152900000000
内蒙古自治区,呼和浩特市,市辖区,150101000000
内蒙古自治区,呼和浩特市,新城区,150102000000
内蒙古自治区,呼和浩特市,回民区,150103000000
内蒙古自治区,呼和浩特市,玉泉区,150104000000
内蒙古自治区,呼和浩特市,赛罕区,150105000000
内蒙古自治区,呼和浩特市,土默特左旗,150121000000
内蒙古自治区,呼和浩特市,托克托县,150122000000
内蒙古自治区,呼和浩特市,和林格尔县,150123000000
内蒙古自治区,呼和浩特市,清水河县,150124000000
内蒙古自治区,呼和浩特市,武川县,150125000000
内蒙古自治区,呼和浩特市,呼和浩特经济技术开发区,150172000000
内蒙古自治区,包头市,市辖区,150201000000
内蒙古自治区,包头市,东河区,150202000000
内蒙古自治区,包头市,昆都仑区,150203000000
内蒙古自治区,包头市,青山区,150204000000
内蒙古自治区,包头市,石拐区,150205000000
内蒙古自治区,包头市,白云鄂博矿区,150206000000
内蒙古自治区,包头市,九原区,150207000000
内蒙古自治区,包头市,土默特右旗,150221000000
内蒙古自治区,包头市,固阳县,150222000000
内蒙古自治区,包头市,达尔罕茂明安联合旗,150223000000
内蒙古自治区,包头市,包头稀土高新技术产业开发区,150271000000
内蒙古自治区,乌海市,市辖区,150301000000
内蒙古自治区,乌海市,海勃湾区,150302000000
内蒙古自治区,乌海市,海南区,150303000000
内蒙古自治区,乌海市,乌达区,150304000000
内蒙古自治区,赤峰市,市辖区,150401000000
内蒙古自治区,赤峰市,红山区,150402000000
内蒙古自治区,赤峰市,元宝山区,150403000000
内蒙古自治区,赤峰市,松山区,150404000000
内蒙古自治区,赤峰市,阿鲁科尔沁旗,150421000000
内蒙古自治区,赤峰市,巴林左旗,150422000000
内蒙古自治区,赤峰市,巴林右旗,150423000000
内蒙古自治区,赤峰市,林西县,150424000000
内蒙古自治区,赤峰市,克什克腾旗,150425000000
内蒙古自治区,赤峰市,翁牛特旗,150426000000
内蒙古自治区,赤峰市,喀喇沁旗,150428000000
内蒙古自治区,赤峰市,宁城县,150429000000
内蒙古自治区,赤峰市,敖汉旗,150430000000
内蒙古自治区,通辽市,市辖区,150501000000
内蒙古自治区,通辽市,科尔沁区,150502000000
内蒙古自治区,通辽市,科尔沁左翼中旗,150521000000
内蒙古自治区,通辽市,科尔沁左翼后旗,150522000000
内蒙古自治区,通辽市,开鲁县,150523000000
内蒙古自治区,通辽市,库伦旗,150524000000
内蒙古自治区,通辽市,奈曼旗,150525000000
内蒙古自治区,通辽市,扎鲁特旗,150526000000
内蒙古自治区,通辽市,通辽经济技术开发区,150571000000
内蒙古自治区,通辽市,霍林郭勒市,150581000000
内蒙古自治区,鄂尔多斯市,市辖区,150601000000
内蒙古自治区,鄂尔多斯市,东胜区,150602000000
内蒙古自治区,鄂尔多斯市,康巴什区,150603000000
内蒙古自治区,鄂尔多斯市,达拉特旗,150621000000
内蒙古自治区,鄂尔多斯市,准格尔旗,150622000000
内蒙古自治区,鄂尔多斯市,鄂托克前旗,150623000000
内蒙古自治区,鄂尔多斯市,鄂托克旗,150624000000
内蒙古自治区,鄂尔多斯市,杭锦旗,150625000000
内蒙古自治区,鄂尔多斯市,乌审旗,150626000000
内蒙古自治区,鄂尔多斯市,伊金霍洛旗,150627000000
内蒙古自治区,呼伦贝尔市,市辖区,150701000000
内蒙古自治区,呼伦贝尔市,海拉尔区,150702000000
内蒙古自治区,呼伦贝尔市,扎赉诺尔区,150703000000
内蒙古自治区,呼伦贝尔市,阿荣旗,150721000000
内蒙古自治区,呼伦贝尔市,莫力达瓦达斡尔族自治旗,150722000000
内蒙古自治区,呼伦贝尔市,鄂伦春自治旗,150723000000
内蒙古自治区,呼伦贝尔市,鄂温克族自治旗,150724000000
内蒙古自治区,呼伦贝尔市,陈巴尔虎旗,150725000000
内蒙古自治区,呼伦贝尔市,新巴尔虎左旗,150726000000
内蒙古自治区,呼伦贝尔市,新巴尔虎右旗,150727000000
内蒙古自治区,呼伦贝尔市,满洲里市,150781000000
内蒙古自治区,呼伦贝尔市,牙克石市,150782000000
内蒙古自治区,呼伦贝尔市,扎兰屯市,150783000000
内蒙古自治区,呼伦贝尔市,额尔古纳市,150784000000
内蒙古自治区,呼伦贝尔市,根河市,150785000000
内蒙古自治区,巴彦淖尔市,市辖区,150801000000
内蒙古自治区,巴彦淖尔市,临河区,150802000000
内蒙古自治区,巴彦淖尔市,五原县,150821000000
内蒙古自治区,巴彦淖尔市,磴口县,150822000000
内蒙古自治区,巴彦淖尔市,乌拉特前旗,150823000000
内蒙古自治区,巴彦淖尔市,乌拉特中旗,150824000000
内蒙古自治区,巴彦淖尔市,乌拉特后旗,150825000000
内蒙古自治区,巴彦淖尔市,杭锦后旗,150826000000
内蒙古自治区,乌兰察布市,市辖区,150901000000
内蒙古自治区,乌兰察布市,集宁区,150902000000
内蒙古自治区,乌兰察布市,卓资县,150921000000
内蒙古自治区,乌兰察布市,化德县,150922000000
内蒙古自治区,乌兰察布市,商都县,150923000000
内蒙古自治区,乌兰察布市,兴和县,150924000000
内蒙古自治区,乌兰察布市,凉城县,150925000000
内蒙古自治区,乌兰察布市,察哈尔右翼前旗,150926000000
内蒙古自治区,乌兰察布市,察哈尔右翼中旗,150927000000
内蒙古自治区,乌兰察布市,察哈尔右翼后旗,150928000000
内蒙古自治区,乌兰察布市,四子王旗,150929000000
内蒙古自治区,乌兰察布市,丰镇市,150981000000
内蒙古自治区,兴安盟,乌兰浩特市,152201000000
内蒙古自治区,兴安盟,阿尔山市,152202000000
内蒙古自治区,兴安盟,科尔沁右翼前旗,152221000000
内蒙古自治区,兴安盟,科尔沁右翼中旗,152222000000
内蒙古自治区,兴安盟,扎赉特旗,152223000000
内蒙古自治区,兴安盟,突泉县,152224000000
内蒙古自治区,锡林郭勒盟,二连浩特市,152501000000
内蒙古自治区,锡林郭勒盟,锡林浩特市,152502000000
内蒙古自治区,锡林郭勒盟,阿巴嘎旗,152522000000
内蒙古自治区,锡林郭勒盟,苏尼特左旗,152523000000
内蒙古自治区,锡林郭勒盟,苏尼特右旗,152524000000
内蒙古自治区,锡林郭勒盟,东乌珠穆沁旗,152525000000
内蒙古自治区,锡林郭勒盟,西乌珠穆沁旗,152526000000
内蒙古自治区,锡林郭勒盟,太仆寺旗,152527000000
内蒙古自治区,锡林郭勒盟,镶黄旗,152528000000
内蒙古自治区,锡林郭勒盟,正镶白旗,152529000000
内蒙古自治区,锡林郭勒盟,正蓝旗,152530000000
内蒙古自治区,锡林郭勒盟,多伦县,152531000000
内蒙古自治区,锡林郭勒盟,乌拉盖管委会,152571000000
内蒙古自治区,阿拉善盟,阿拉善左旗,152921000000
内蒙古自治区,阿拉善盟,阿拉善右旗,152922000000
内蒙古自治区,阿拉善盟,额济纳旗,152923000000
内蒙古自治区,阿拉善盟,内蒙古阿拉善高新技术产业开发区,152971000000
吉林省,NA,NA,22
吉林省,长春市,NA,220100000000
吉林省,吉林市,NA,220200000000
吉林省,四平市,NA,220300000000
吉林省,辽源市,NA,220400000000
吉林省,通化市,NA,220500000000
吉林省,白山市,NA,220600000000
吉林省,松原市,NA,220700000000
吉林省,白城市,NA,220800000000
吉林省,延边朝鲜族自治州,NA,222400000000
吉林省,长春市,市辖区,220101000000
吉林省,长春市,南关区,220102000000
吉林省,长春市,宽城区,220103000000
吉林省,长春市,朝阳区,220104000000
吉林省,长春市,二道区,220105000000
吉林省,长春市,绿园区,220106000000
吉林省,长春市,双阳区,220112000000
吉林省,长春市,九台区,220113000000
吉林省,长春市,农安县,220122000000
吉林省,长春市,长春经济技术开发区,220171000000
吉林省,长春市,长春净月高新技术产业开发区,220172000000
吉林省,长春市,长春高新技术产业开发区,220173000000
吉林省,长春市,长春汽车经济技术开发区,220174000000
吉林省,长春市,榆树市,220182000000
吉林省,长春市,德惠市,220183000000
吉林省,长春市,公主岭市,220184000000
吉林省,吉林市,市辖区,220201000000
吉林省,吉林市,昌邑区,220202000000
吉林省,吉林市,龙潭区,220203000000
吉林省,吉林市,船营区,220204000000
吉林省,吉林市,丰满区,220211000000
吉林省,吉林市,永吉县,220221000000
吉林省,吉林市,吉林经济开发区,220271000000
吉林省,吉林市,吉林高新技术产业开发区,220272000000
吉林省,吉林市,吉林中国新加坡食品区,220273000000
吉林省,吉林市,蛟河市,220281000000
吉林省,吉林市,桦甸市,220282000000
吉林省,吉林市,舒兰市,220283000000
吉林省,吉林市,磐石市,220284000000
吉林省,四平市,市辖区,220301000000
吉林省,四平市,铁西区,220302000000
吉林省,四平市,铁东区,220303000000
吉林省,四平市,梨树县,220322000000
吉林省,四平市,伊通满族自治县,220323000000
吉林省,四平市,双辽市,220382000000
吉林省,辽源市,市辖区,220401000000
吉林省,辽源市,龙山区,220402000000
吉林省,辽源市,西安区,220403000000
吉林省,辽源市,东丰县,220421000000
吉林省,辽源市,东辽县,220422000000
吉林省,通化市,市辖区,220501000000
吉林省,通化市,东昌区,220502000000
吉林省,通化市,二道江区,220503000000
吉林省,通化市,通化县,220521000000
吉林省,通化市,辉南县,220523000000
吉林省,通化市,柳河县,220524000000
吉林省,通化市,梅河口市,220581000000
吉林省,通化市,集安市,220582000000
吉林省,白山市,市辖区,220601000000
吉林省,白山市,浑江区,220602000000
吉林省,白山市,江源区,220605000000
吉林省,白山市,抚松县,220621000000
吉林省,白山市,靖宇县,220622000000
吉林省,白山市,长白朝鲜族自治县,220623000000
吉林省,白山市,临江市,220681000000
吉林省,松原市,市辖区,220701000000
吉林省,松原市,宁江区,220702000000
吉林省,松原市,前郭尔罗斯蒙古族自治县,220721000000
吉林省,松原市,长岭县,220722000000
吉林省,松原市,乾安县,220723000000
吉林省,松原市,吉林松原经济开发区,220771000000
吉林省,松原市,扶余市,220781000000
吉林省,白城市,市辖区,220801000000
吉林省,白城市,洮北区,220802000000
吉林省,白城市,镇赉县,220821000000
吉林省,白城市,通榆县,220822000000
吉林省,白城市,吉林白城经济开发区,220871000000
吉林省,白城市,洮南市,220881000000
吉林省,白城市,大安市,220882000000
吉林省,延边朝鲜族自治州,延吉市,222401000000
吉林省,延边朝鲜族自治州,图们市,222402000000
吉林省,延边朝鲜族自治州,敦化市,222403000000
吉林省,延边朝鲜族自治州,珲春市,222404000000
吉林省,延边朝鲜族自治州,龙井市,222405000000
吉林省,延边朝鲜族自治州,和龙市,222406000000
吉林省,延边朝鲜族自治州,汪清县,222424000000
吉林省,延边朝鲜族自治州,安图县,222426000000
云南省,NA,NA,53
云南省,昆明市,NA,530100000000
云南省,曲靖市,NA,530300000000
云南省,玉溪市,NA,530400000000
云南省,保山市,NA,530500000000
云南省,昭通市,NA,530600000000
云南省,丽江市,NA,530700000000
云南省,普洱市,NA,530800000000
云南省,临沧市,NA,530900000000
云南省,楚雄彝族自治州,NA,532300000000
云南省,红河哈尼族彝族自治州,NA,532500000000
云南省,文山壮族苗族自治州,NA,532600000000
云南省,西双版纳傣族自治州,NA,532800000000
云南省,大理白族自治州,NA,532900000000
云南省,德宏傣族景颇族自治州,NA,533100000000
云南省,怒江傈僳族自治州,NA,533300000000
云南省,迪庆藏族自治州,NA,533400000000
云南省,昆明市,市辖区,530101000000
云南省,昆明市,五华区,530102000000
云南省,昆明市,盘龙区,530103000000
云南省,昆明市,官渡区,530111000000
云南省,昆明市,西山区,530112000000
云南省,昆明市,东川区,530113000000
云南省,昆明市,呈贡区,530114000000
云南省,昆明市,晋宁区,530115000000
云南省,昆明市,富民县,530124000000
云南省,昆明市,宜良县,530125000000
云南省,昆明市,石林彝族自治县,530126000000
云南省,昆明市,嵩明县,530127000000
云南省,昆明市,禄劝彝族苗族自治县,530128000000
云南省,昆明市,寻甸回族彝族自治县,530129000000
云南省,昆明市,安宁市,530181000000
云南省,曲靖市,市辖区,530301000000
云南省,曲靖市,麒麟区,530302000000
云南省,曲靖市,沾益区,530303000000
云南省,曲靖市,马龙区,530304000000
云南省,曲靖市,陆良县,530322000000
云南省,曲靖市,师宗县,530323000000
云南省,曲靖市,罗平县,530324000000
云南省,曲靖市,富源县,530325000000
云南省,曲靖市,会泽县,530326000000
云南省,曲靖市,宣威市,530381000000
云南省,玉溪市,市辖区,530401000000
云南省,玉溪市,红塔区,530402000000
云南省,玉溪市,江川区,530403000000
云南省,玉溪市,通海县,530423000000
云南省,玉溪市,华宁县,530424000000
云南省,玉溪市,易门县,530425000000
云南省,玉溪市,峨山彝族自治县,530426000000
云南省,玉溪市,新平彝族傣族自治县,530427000000
云南省,玉溪市,元江哈尼族彝族傣族自治县,530428000000
云南省,玉溪市,澄江市,530481000000
云南省,保山市,市辖区,530501000000
云南省,保山市,隆阳区,530502000000
云南省,保山市,施甸县,530521000000
云南省,保山市,龙陵县,530523000000
云南省,保山市,昌宁县,530524000000
云南省,保山市,腾冲市,530581000000
云南省,昭通市,市辖区,530601000000
云南省,昭通市,昭阳区,530602000000
云南省,昭通市,鲁甸县,530621000000
云南省,昭通市,巧家县,530622000000
云南省,昭通市,盐津县,530623000000
云南省,昭通市,大关县,530624000000
云南省,昭通市,永善县,530625000000
云南省,昭通市,绥江县,530626000000
云南省,昭通市,镇雄县,530627000000
云南省,昭通市,彝良县,530628000000
云南省,昭通市,威信县,530629000000
云南省,昭通市,水富市,530681000000
云南省,丽江市,市辖区,530701000000
云南省,丽江市,古城区,530702000000
云南省,丽江市,玉龙纳西族自治县,530721000000
云南省,丽江市,永胜县,530722000000
云南省,丽江市,华坪县,530723000000
云南省,丽江市,宁蒗彝族自治县,530724000000
云南省,普洱市,市辖区,530801000000
云南省,普洱市,思茅区,530802000000
云南省,普洱市,宁洱哈尼族彝族自治县,530821000000
云南省,普洱市,墨江哈尼族自治县,530822000000
云南省,普洱市,景东彝族自治县,530823000000
云南省,普洱市,景谷傣族彝族自治县,530824000000
云南省,普洱市,镇沅彝族哈尼族拉祜族自治县,530825000000
云南省,普洱市,江城哈尼族彝族自治县,530826000000
云南省,普洱市,孟连傣族拉祜族佤族自治县,530827000000
云南省,普洱市,澜沧拉祜族自治县,530828000000
云南省,普洱市,西盟佤族自治县,530829000000
云南省,临沧市,市辖区,530901000000
云南省,临沧市,临翔区,530902000000
云南省,临沧市,凤庆县,530921000000
云南省,临沧市,云县,530922000000
云南省,临沧市,永德县,530923000000
云南省,临沧市,镇康县,530924000000
云南省,临沧市,双江拉祜族佤族布朗族傣族自治县,530925000000
云南省,临沧市,耿马傣族佤族自治县,530926000000
云南省,临沧市,沧源佤族自治县,530927000000
云南省,楚雄彝族自治州,楚雄市,532301000000
云南省,楚雄彝族自治州,禄丰市,532302000000
云南省,楚雄彝族自治州,双柏县,532322000000
云南省,楚雄彝族自治州,牟定县,532323000000
云南省,楚雄彝族自治州,南华县,532324000000
云南省,楚雄彝族自治州,姚安县,532325000000
云南省,楚雄彝族自治州,大姚县,532326000000
云南省,楚雄彝族自治州,永仁县,532327000000
云南省,楚雄彝族自治州,元谋县,532328000000
云南省,楚雄彝族自治州,武定县,532329000000
云南省,红河哈尼族彝族自治州,个旧市,532501000000
云南省,红河哈尼族彝族自治州,开远市,532502000000
云南省,红河哈尼族彝族自治州,蒙自市,532503000000
云南省,红河哈尼族彝族自治州,弥勒市,532504000000
云南省,红河哈尼族彝族自治州,屏边苗族自治县,532523000000
云南省,红河哈尼族彝族自治州,建水县,532524000000
云南省,红河哈尼族彝族自治州,石屏县,532525000000
云南省,红河哈尼族彝族自治州,泸西县,532527000000
云南省,红河哈尼族彝族自治州,元阳县,532528000000
云南省,红河哈尼族彝族自治州,红河县,532529000000
云南省,红河哈尼族彝族自治州,金平苗族瑶族傣族自治县,532530000000
云南省,红河哈尼族彝族自治州,绿春县,532531000000
云南省,红河哈尼族彝族自治州,河口瑶族自治县,532532000000
云南省,文山壮族苗族自治州,文山市,532601000000
云南省,文山壮族苗族自治州,砚山县,532622000000
云南省,文山壮族苗族自治州,西畴县,532623000000
云南省,文山壮族苗族自治州,麻栗坡县,532624000000
云南省,文山壮族苗族自治州,马关县,532625000000
云南省,文山壮族苗族自治州,丘北县,532626000000
云南省,文山壮族苗族自治州,广南县,532627000000
云南省,文山壮族苗族自治州,富宁县,532628000000
云南省,西双版纳傣族自治州,景洪市,532801000000
云南省,西双版纳傣族自治州,勐海县,532822000000
云南省,西双版纳傣族自治州,勐腊县,532823000000
云南省,大理白族自治州,大理市,532901000000
云南省,大理白族自治州,漾濞彝族自治县,532922000000
云南省,大理白族自治州,祥云县,532923000000
云南省,大理白族自治州,宾川县,532924000000
云南省,大理白族自治州,弥渡县,532925000000
云南省,大理白族自治州,南涧彝族自治县,532926000000
云南省,大理白族自治州,巍山彝族回族自治县,532927000000
云南省,大理白族自治州,永平县,532928000000
云南省,大理白族自治州,云龙县,532929000000
云南省,大理白族自治州,洱源县,532930000000
云南省,大理白族自治州,剑川县,532931000000
云南省,大理白族自治州,鹤庆县,532932000000
云南省,德宏傣族景颇族自治州,瑞丽市,533102000000
云南省,德宏傣族景颇族自治州,芒市,533103000000
云南省,德宏傣族景颇族自治州,梁河县,533122000000
云南省,德宏傣族景颇族自治州,盈江县,533123000000
云南省,德宏傣族景颇族自治州,陇川县,533124000000
云南省,怒江傈僳族自治州,泸水市,533301000000
云南省,怒江傈僳族自治州,福贡县,533323000000
云南省,怒江傈僳族自治州,贡山独龙族怒族自治县,533324000000
云南省,怒江傈僳族自治州,兰坪白族普米族自治县,533325000000
云南省,迪庆藏族自治州,香格里拉市,533401000000
云南省,迪庆藏族自治州,德钦县,533422000000
云南省,迪庆藏族自治州,维西傈僳族自治县,533423000000
陕西省,NA,NA,61
陕西省,西安市,NA,610100000000
陕西省,铜川市,NA,610200000000
陕西省,宝鸡市,NA,610300000000
陕西省,咸阳市,NA,610400000000
陕西省,渭南市,NA,610500000000
陕西省,延安市,NA,610600000000
陕西省,汉中市,NA,610700000000
陕西省,榆林市,NA,610800000000
陕西省,安康市,NA,610900000000
陕西省,商洛市,NA,611000000000
陕西省,西安市,市辖区,610101000000
陕西省,西安市,新城区,610102000000
陕西省,西安市,碑林区,610103000000
陕西省,西安市,莲湖区,610104000000
陕西省,西安市,灞桥区,610111000000
陕西省,西安市,未央区,610112000000
陕西省,西安市,雁塔区,610113000000
陕西省,西安市,阎良区,610114000000
陕西省,西安市,临潼区,610115000000
陕西省,西安市,长安区,610116000000
陕西省,西安市,高陵区,610117000000
陕西省,西安市,鄠邑区,610118000000
陕西省,西安市,蓝田县,610122000000
陕西省,西安市,周至县,610124000000
陕西省,铜川市,市辖区,610201000000
陕西省,铜川市,王益区,610202000000
陕西省,铜川市,印台区,610203000000
陕西省,铜川市,耀州区,610204000000
陕西省,铜川市,宜君县,610222000000
陕西省,宝鸡市,市辖区,610301000000
陕西省,宝鸡市,渭滨区,610302000000
陕西省,宝鸡市,金台区,610303000000
陕西省,宝鸡市,陈仓区,610304000000
陕西省,宝鸡市,凤翔区,610305000000
陕西省,宝鸡市,岐山县,610323000000
陕西省,宝鸡市,扶风县,610324000000
陕西省,宝鸡市,眉县,610326000000
陕西省,宝鸡市,陇县,610327000000
陕西省,宝鸡市,千阳县,610328000000
陕西省,宝鸡市,麟游县,610329000000
陕西省,宝鸡市,凤县,610330000000
陕西省,宝鸡市,太白县,610331000000
陕西省,咸阳市,市辖区,610401000000
陕西省,咸阳市,秦都区,610402000000
陕西省,咸阳市,杨陵区,610403000000
陕西省,咸阳市,渭城区,610404000000
陕西省,咸阳市,三原县,610422000000
陕西省,咸阳市,泾阳县,610423000000
陕西省,咸阳市,乾县,610424000000
陕西省,咸阳市,礼泉县,610425000000
陕西省,咸阳市,永寿县,610426000000
陕西省,咸阳市,长武县,610428000000
陕西省,咸阳市,旬邑县,610429000000
陕西省,咸阳市,淳化县,610430000000
陕西省,咸阳市,武功县,610431000000
陕西省,咸阳市,兴平市,610481000000
陕西省,咸阳市,彬州市,610482000000
陕西省,渭南市,市辖区,610501000000
陕西省,渭南市,临渭区,610502000000
陕西省,渭南市,华州区,610503000000
陕西省,渭南市,潼关县,610522000000
陕西省,渭南市,大荔县,610523000000
陕西省,渭南市,合阳县,610524000000
陕西省,渭南市,澄城县,610525000000
陕西省,渭南市,蒲城县,610526000000
陕西省,渭南市,白水县,610527000000
陕西省,渭南市,富平县,610528000000
陕西省,渭南市,韩城市,610581000000
陕西省,渭南市,华阴市,610582000000
陕西省,延安市,市辖区,610601000000
陕西省,延安市,宝塔区,610602000000
陕西省,延安市,安塞区,610603000000
陕西省,延安市,延长县,610621000000
陕西省,延安市,延川县,610622000000
陕西省,延安市,志丹县,610625000000
陕西省,延安市,吴起县,610626000000
陕西省,延安市,甘泉县,610627000000
陕西省,延安市,富县,610628000000
陕西省,延安市,洛川县,610629000000
陕西省,延安市,宜川县,610630000000
陕西省,延安市,黄龙县,610631000000
陕西省,延安市,黄陵县,610632000000
陕西省,延安市,子长市,610681000000
陕西省,汉中市,市辖区,610701000000
陕西省,汉中市,汉台区,610702000000
陕西省,汉中市,南郑区,610703000000
陕西省,汉中市,城固县,610722000000
陕西省,汉中市,洋县,610723000000
陕西省,汉中市,西乡县,610724000000
陕西省,汉中市,勉县,610725000000
陕西省,汉中市,宁强县,610726000000
陕西省,汉中市,略阳县,610727000000
陕西省,汉中市,镇巴县,610728000000
陕西省,汉中市,留坝县,610729000000
陕西省,汉中市,佛坪县,610730000000
陕西省,榆林市,市辖区,610801000000
陕西省,榆林市,榆阳区,610802000000
陕西省,榆林市,横山区,610803000000
陕西省,榆林市,府谷县,610822000000
陕西省,榆林市,靖边县,610824000000
陕西省,榆林市,定边县,610825000000
陕西省,榆林市,绥德县,610826000000
陕西省,榆林市,米脂县,610827000000
陕西省,榆林市,佳县,610828000000
陕西省,榆林市,吴堡县,610829000000
陕西省,榆林市,清涧县,610830000000
陕西省,榆林市,子洲县,610831000000
陕西省,榆林市,神木市,610881000000
陕西省,安康市,市辖区,610901000000
陕西省,安康市,汉滨区,610902000000
陕西省,安康市,汉阴县,610921000000
陕西省,安康市,石泉县,610922000000
陕西省,安康市,宁陕县,610923000000
陕西省,安康市,紫阳县,610924000000
陕西省,安康市,岚皋县,610925000000
陕西省,安康市,平利县,610926000000
陕西省,安康市,镇坪县,610927000000
陕西省,安康市,白河县,610929000000
陕西省,安康市,旬阳市,610981000000
陕西省,商洛市,市辖区,611001000000
陕西省,商洛市,商州区,611002000000
陕西省,商洛市,洛南县,611021000000
陕西省,商洛市,丹凤县,611022000000
陕西省,商洛市,商南县,611023000000
陕西省,商洛市,山阳县,611024000000
陕西省,商洛市,镇安县,611025000000
陕西省,商洛市,柞水县,611026000000
重庆市,NA,NA,50
重庆市,市辖区,NA,500100000000
重庆市,县,NA,500200000000
重庆市,市辖区,万州区,500101000000
重庆市,市辖区,涪陵区,500102000000
重庆市,市辖区,渝中区,500103000000
重庆市,市辖区,大渡口区,500104000000
重庆市,市辖区,江北区,500105000000
重庆市,市辖区,沙坪坝区,500106000000
重庆市,市辖区,九龙坡区,500107000000
重庆市,市辖区,南岸区,500108000000
重庆市,市辖区,北碚区,500109000000
重庆市,市辖区,綦江区,500110000000
重庆市,市辖区,大足区,500111000000
重庆市,市辖区,渝北区,500112000000
重庆市,市辖区,巴南区,500113000000
重庆市,市辖区,黔江区,500114000000
重庆市,市辖区,长寿区,500115000000
重庆市,市辖区,江津区,500116000000
重庆市,市辖区,合川区,500117000000
重庆市,市辖区,永川区,500118000000
重庆市,市辖区,南川区,500119000000
重庆市,市辖区,璧山区,500120000000
重庆市,市辖区,铜梁区,500151000000
重庆市,市辖区,潼南区,500152000000
重庆市,市辖区,荣昌区,500153000000
重庆市,市辖区,开州区,500154000000
重庆市,市辖区,梁平区,500155000000
重庆市,市辖区,武隆区,500156000000
重庆市,县,城口县,500229000000
重庆市,县,丰都县,500230000000
重庆市,县,垫江县,500231000000
重庆市,县,忠县,500233000000
重庆市,县,云阳县,500235000000
重庆市,县,奉节县,500236000000
重庆市,县,巫山县,500237000000
重庆市,县,巫溪县,500238000000
重庆市,县,石柱土家族自治县,500240000000
重庆市,县,秀山土家族苗族自治县,500241000000
重庆市,县,酉阳土家族苗族自治县,500242000000
重庆市,县,彭水苗族土家族自治县,500243000000
天津市,NA,NA,12
天津市,市辖区,NA,120100000000
天津市,市辖区,和平区,120101000000
天津市,市辖区,河东区,120102000000
天津市,市辖区,河西区,120103000000
天津市,市辖区,南开区,120104000000
天津市,市辖区,河北区,120105000000
天津市,市辖区,红桥区,120106000000
天津市,市辖区,东丽区,120110000000
天津市,市辖区,西青区,120111000000
天津市,市辖区,津南区,120112000000
天津市,市辖区,北辰区,120113000000
天津市,市辖区,武清区,120114000000
天津市,市辖区,宝坻区,120115000000
天津市,市辖区,滨海新区,120116000000
天津市,市辖区,宁河区,120117000000
天津市,市辖区,静海区,120118000000
天津市,市辖区,蓟州区,120119000000
海南省,NA,NA,46
海南省,海口市,NA,460100000000
海南省,三亚市,NA,460200000000
海南省,三沙市,NA,460300000000
海南省,儋州市,NA,460400000000
海南省,省直辖县级行政区划,NA,469000000000
海南省,海口市,市辖区,460101000000
海南省,海口市,秀英区,460105000000
海南省,海口市,龙华区,460106000000
海南省,海口市,琼山区,460107000000
海南省,海口市,美兰区,460108000000
海南省,三亚市,市辖区,460201000000
海南省,三亚市,海棠区,460202000000
海南省,三亚市,吉阳区,460203000000
海南省,三亚市,天涯区,460204000000
海南省,三亚市,崖州区,460205000000
海南省,三沙市,西沙群岛,460321000000
海南省,三沙市,南沙群岛,460322000000
海南省,三沙市,中沙群岛的岛礁及其海域,460323000000
海南省,省直辖县级行政区划,五指山市,469001000000
海南省,省直辖县级行政区划,琼海市,469002000000
海南省,省直辖县级行政区划,文昌市,469005000000
海南省,省直辖县级行政区划,万宁市,469006000000
海南省,省直辖县级行政区划,东方市,469007000000
海南省,省直辖县级行政区划,定安县,469021000000
海南省,省直辖县级行政区划,屯昌县,469022000000
海南省,省直辖县级行政区划,澄迈县,469023000000
海南省,省直辖县级行政区划,临高县,469024000000
海南省,省直辖县级行政区划,白沙黎族自治县,469025000000
海南省,省直辖县级行政区划,昌江黎族自治县,469026000000
海南省,省直辖县级行政区划,乐东黎族自治县,469027000000
海南省,省直辖县级行政区划,陵水黎族自治县,469028000000
海南省,省直辖县级行政区划,保亭黎族苗族自治县,469029000000
海南省,省直辖县级行政区划,琼中黎族苗族自治县,469030000000
广西壮族自治区,NA,NA,45
广西壮族自治区,南宁市,NA,450100000000
广西壮族自治区,柳州市,NA,450200000000
广西壮族自治区,桂林市,NA,450300000000
广西壮族自治区,梧州市,NA,450400000000
广西壮族自治区,北海市,NA,450500000000
广西壮族自治区,防城港市,NA,450600000000
广西壮族自治区,钦州市,NA,450700000000
广西壮族自治区,贵港市,NA,450800000000
广西壮族自治区,玉林市,NA,450900000000
广西壮族自治区,百色市,NA,451000000000
广西壮族自治区,贺州市,NA,451100000000
广西壮族自治区,河池市,NA,451200000000
广西壮族自治区,来宾市,NA,451300000000
广西壮族自治区,崇左市,NA,451400000000
广西壮族自治区,南宁市,市辖区,450101000000
广西壮族自治区,南宁市,兴宁区,450102000000
广西壮族自治区,南宁市,青秀区,450103000000
广西壮族自治区,南宁市,江南区,450105000000
广西壮族自治区,南宁市,西乡塘区,450107000000
广西壮族自治区,南宁市,良庆区,450108000000
广西壮族自治区,南宁市,邕宁区,450109000000
广西壮族自治区,南宁市,武鸣区,450110000000
广西壮族自治区,南宁市,隆安县,450123000000
广西壮族自治区,南宁市,马山县,450124000000
广西壮族自治区,南宁市,上林县,450125000000
广西壮族自治区,南宁市,宾阳县,450126000000
广西壮族自治区,南宁市,横州市,450181000000
广西壮族自治区,柳州市,市辖区,450201000000
广西壮族自治区,柳州市,城中区,450202000000
广西壮族自治区,柳州市,鱼峰区,450203000000
广西壮族自治区,柳州市,柳南区,450204000000
广西壮族自治区,柳州市,柳北区,450205000000
广西壮族自治区,柳州市,柳江区,450206000000
广西壮族自治区,柳州市,柳城县,450222000000
广西壮族自治区,柳州市,鹿寨县,450223000000
广西壮族自治区,柳州市,融安县,450224000000
广西壮族自治区,柳州市,融水苗族自治县,450225000000
广西壮族自治区,柳州市,三江侗族自治县,450226000000
广西壮族自治区,桂林市,市辖区,450301000000
广西壮族自治区,桂林市,秀峰区,450302000000
广西壮族自治区,桂林市,叠彩区,450303000000
广西壮族自治区,桂林市,象山区,450304000000
广西壮族自治区,桂林市,七星区,450305000000
广西壮族自治区,桂林市,雁山区,450311000000
广西壮族自治区,桂林市,临桂区,450312000000
广西壮族自治区,桂林市,阳朔县,450321000000
广西壮族自治区,桂林市,灵川县,450323000000
广西壮族自治区,桂林市,全州县,450324000000
广西壮族自治区,桂林市,兴安县,450325000000
广西壮族自治区,桂林市,永福县,450326000000
广西壮族自治区,桂林市,灌阳县,450327000000
广西壮族自治区,桂林市,龙胜各族自治县,450328000000
广西壮族自治区,桂林市,资源县,450329000000
广西壮族自治区,桂林市,平乐县,450330000000
广西壮族自治区,桂林市,恭城瑶族自治县,450332000000
广西壮族自治区,桂林市,荔浦市,450381000000
广西壮族自治区,梧州市,市辖区,450401000000
广西壮族自治区,梧州市,万秀区,450403000000
广西壮族自治区,梧州市,长洲区,450405000000
广西壮族自治区,梧州市,龙圩区,450406000000
广西壮族自治区,梧州市,苍梧县,450421000000
广西壮族自治区,梧州市,藤县,450422000000
广西壮族自治区,梧州市,蒙山县,450423000000
广西壮族自治区,梧州市,岑溪市,450481000000
广西壮族自治区,北海市,市辖区,450501000000
广西壮族自治区,北海市,海城区,450502000000
广西壮族自治区,北海市,银海区,450503000000
广西壮族自治区,北海市,铁山港区,450512000000
广西壮族自治区,北海市,合浦县,450521000000
广西壮族自治区,防城港市,市辖区,450601000000
广西壮族自治区,防城港市,港口区,450602000000
广西壮族自治区,防城港市,防城区,450603000000
广西壮族自治区,防城港市,上思县,450621000000
广西壮族自治区,防城港市,东兴市,450681000000
广西壮族自治区,钦州市,市辖区,450701000000
广西壮族自治区,钦州市,钦南区,450702000000
广西壮族自治区,钦州市,钦北区,450703000000
广西壮族自治区,钦州市,灵山县,450721000000
广西壮族自治区,钦州市,浦北县,450722000000
广西壮族自治区,贵港市,市辖区,450801000000
广西壮族自治区,贵港市,港北区,450802000000
广西壮族自治区,贵港市,港南区,450803000000
广西壮族自治区,贵港市,覃塘区,450804000000
广西壮族自治区,贵港市,平南县,450821000000
广西壮族自治区,贵港市,桂平市,450881000000
广西壮族自治区,玉林市,市辖区,450901000000
广西壮族自治区,玉林市,玉州区,450902000000
广西壮族自治区,玉林市,福绵区,450903000000
广西壮族自治区,玉林市,容县,450921000000
广西壮族自治区,玉林市,陆川县,450922000000
广西壮族自治区,玉林市,博白县,450923000000
广西壮族自治区,玉林市,兴业县,450924000000
广西壮族自治区,玉林市,北流市,450981000000
广西壮族自治区,百色市,市辖区,451001000000
广西壮族自治区,百色市,右江区,451002000000
广西壮族自治区,百色市,田阳区,451003000000
广西壮族自治区,百色市,田东县,451022000000
广西壮族自治区,百色市,德保县,451024000000
广西壮族自治区,百色市,那坡县,451026000000
广西壮族自治区,百色市,凌云县,451027000000
广西壮族自治区,百色市,乐业县,451028000000
广西壮族自治区,百色市,田林县,451029000000
广西壮族自治区,百色市,西林县,451030000000
广西壮族自治区,百色市,隆林各族自治县,451031000000
广西壮族自治区,百色市,靖西市,451081000000
广西壮族自治区,百色市,平果市,451082000000
广西壮族自治区,贺州市,市辖区,451101000000
广西壮族自治区,贺州市,八步区,451102000000
广西壮族自治区,贺州市,平桂区,451103000000
广西壮族自治区,贺州市,昭平县,451121000000
广西壮族自治区,贺州市,钟山县,451122000000
广西壮族自治区,贺州市,富川瑶族自治县,451123000000
广西壮族自治区,河池市,市辖区,451201000000
广西壮族自治区,河池市,金城江区,451202000000
广西壮族自治区,河池市,宜州区,451203000000
广西壮族自治区,河池市,南丹县,451221000000
广西壮族自治区,河池市,天峨县,451222000000
广西壮族自治区,河池市,凤山县,451223000000
广西壮族自治区,河池市,东兰县,451224000000
广西壮族自治区,河池市,罗城仫佬族自治县,451225000000
广西壮族自治区,河池市,环江毛南族自治县,451226000000
广西壮族自治区,河池市,巴马瑶族自治县,451227000000
广西壮族自治区,河池市,都安瑶族自治县,451228000000
广西壮族自治区,河池市,大化瑶族自治县,451229000000
广西壮族自治区,来宾市,市辖区,451301000000
广西壮族自治区,来宾市,兴宾区,451302000000
广西壮族自治区,来宾市,忻城县,451321000000
广西壮族自治区,来宾市,象州县,451322000000
广西壮族自治区,来宾市,武宣县,451323000000
广西壮族自治区,来宾市,金秀瑶族自治县,451324000000
广西壮族自治区,来宾市,合山市,451381000000
广西壮族自治区,崇左市,市辖区,451401000000
广西壮族自治区,崇左市,江州区,451402000000
广西壮族自治区,崇左市,扶绥县,451421000000
广西壮族自治区,崇左市,宁明县,451422000000
广西壮族自治区,崇左市,龙州县,451423000000
广西壮族自治区,崇左市,大新县,451424000000
广西壮族自治区,崇左市,天等县,451425000000
广西壮族自治区,崇左市,凭祥市,451481000000
湖北省,NA,NA,42
湖北省,武汉市,NA,420100000000
湖北省,黄石市,NA,420200000000
湖北省,十堰市,NA,420300000000
湖北省,宜昌市,NA,420500000000
湖北省,襄阳市,NA,420600000000
湖北省,鄂州市,NA,420700000000
湖北省,荆门市,NA,420800000000
湖北省,孝感市,NA,420900000000
湖北省,荆州市,NA,421000000000
湖北省,黄冈市,NA,421100000000
湖北省,咸宁市,NA,421200000000
湖北省,随州市,NA,421300000000
湖北省,恩施土家族苗族自治州,NA,422800000000
湖北省,省直辖县级行政区划,NA,429000000000
湖北省,武汉市,市辖区,420101000000
湖北省,武汉市,江岸区,420102000000
湖北省,武汉市,江汉区,420103000000
湖北省,武汉市,硚口区,420104000000
湖北省,武汉市,汉阳区,420105000000
湖北省,武汉市,武昌区,420106000000
湖北省,武汉市,青山区,420107000000
湖北省,武汉市,洪山区,420111000000
湖北省,武汉市,东西湖区,420112000000
湖北省,武汉市,汉南区,420113000000
湖北省,武汉市,蔡甸区,420114000000
湖北省,武汉市,江夏区,420115000000
湖北省,武汉市,黄陂区,420116000000
湖北省,武汉市,新洲区,420117000000
湖北省,黄石市,市辖区,420201000000
湖北省,黄石市,黄石港区,420202000000
湖北省,黄石市,西塞山区,420203000000
湖北省,黄石市,下陆区,420204000000
湖北省,黄石市,铁山区,420205000000
湖北省,黄石市,阳新县,420222000000
湖北省,黄石市,大冶市,420281000000
湖北省,十堰市,市辖区,420301000000
湖北省,十堰市,茅箭区,420302000000
湖北省,十堰市,张湾区,420303000000
湖北省,十堰市,郧阳区,420304000000
湖北省,十堰市,郧西县,420322000000
湖北省,十堰市,竹山县,420323000000
湖北省,十堰市,竹溪县,420324000000
湖北省,十堰市,房县,420325000000
湖北省,十堰市,丹江口市,420381000000
湖北省,宜昌市,市辖区,420501000000
湖北省,宜昌市,西陵区,420502000000
湖北省,宜昌市,伍家岗区,420503000000
湖北省,宜昌市,点军区,420504000000
湖北省,宜昌市,猇亭区,420505000000
湖北省,宜昌市,夷陵区,420506000000
湖北省,宜昌市,远安县,420525000000
湖北省,宜昌市,兴山县,420526000000
湖北省,宜昌市,秭归县,420527000000
湖北省,宜昌市,长阳土家族自治县,420528000000
湖北省,宜昌市,五峰土家族自治县,420529000000
湖北省,宜昌市,宜都市,420581000000
湖北省,宜昌市,当阳市,420582000000
湖北省,宜昌市,枝江市,420583000000
湖北省,襄阳市,市辖区,420601000000
湖北省,襄阳市,襄城区,420602000000
湖北省,襄阳市,樊城区,420606000000
湖北省,襄阳市,襄州区,420607000000
湖北省,襄阳市,南漳县,420624000000
湖北省,襄阳市,谷城县,420625000000
湖北省,襄阳市,保康县,420626000000
湖北省,襄阳市,老河口市,420682000000
湖北省,襄阳市,枣阳市,420683000000
湖北省,襄阳市,宜城市,420684000000
湖北省,鄂州市,市辖区,420701000000
湖北省,鄂州市,梁子湖区,420702000000
湖北省,鄂州市,华容区,420703000000
湖北省,鄂州市,鄂城区,420704000000
湖北省,荆门市,市辖区,420801000000
湖北省,荆门市,东宝区,420802000000
湖北省,荆门市,掇刀区,420804000000
湖北省,荆门市,沙洋县,420822000000
湖北省,荆门市,钟祥市,420881000000
湖北省,荆门市,京山市,420882000000
湖北省,孝感市,市辖区,420901000000
湖北省,孝感市,孝南区,420902000000
湖北省,孝感市,孝昌县,420921000000
湖北省,孝感市,大悟县,420922000000
湖北省,孝感市,云梦县,420923000000
湖北省,孝感市,应城市,420981000000
湖北省,孝感市,安陆市,420982000000
湖北省,孝感市,汉川市,420984000000
湖北省,荆州市,市辖区,421001000000
湖北省,荆州市,沙市区,421002000000
湖北省,荆州市,荆州区,421003000000
湖北省,荆州市,公安县,421022000000
湖北省,荆州市,江陵县,421024000000
湖北省,荆州市,荆州经济技术开发区,421071000000
湖北省,荆州市,石首市,421081000000
湖北省,荆州市,洪湖市,421083000000
湖北省,荆州市,松滋市,421087000000
湖北省,荆州市,监利市,421088000000
湖北省,黄冈市,市辖区,421101000000
湖北省,黄冈市,黄州区,421102000000
湖北省,黄冈市,团风县,421121000000
湖北省,黄冈市,红安县,421122000000
湖北省,黄冈市,罗田县,421123000000
湖北省,黄冈市,英山县,421124000000
湖北省,黄冈市,浠水县,421125000000
湖北省,黄冈市,蕲春县,421126000000
湖北省,黄冈市,黄梅县,421127000000
湖北省,黄冈市,龙感湖管理区,421171000000
湖北省,黄冈市,麻城市,421181000000
湖北省,黄冈市,武穴市,421182000000
湖北省,咸宁市,市辖区,421201000000
湖北省,咸宁市,咸安区,421202000000
湖北省,咸宁市,嘉鱼县,421221000000
湖北省,咸宁市,通城县,421222000000
湖北省,咸宁市,崇阳县,421223000000
湖北省,咸宁市,通山县,421224000000
湖北省,咸宁市,赤壁市,421281000000
湖北省,随州市,市辖区,421301000000
湖北省,随州市,曾都区,421303000000
湖北省,随州市,随县,421321000000
湖北省,随州市,广水市,421381000000
湖北省,恩施土家族苗族自治州,恩施市,422801000000
湖北省,恩施土家族苗族自治州,利川市,422802000000
湖北省,恩施土家族苗族自治州,建始县,422822000000
湖北省,恩施土家族苗族自治州,巴东县,422823000000
湖北省,恩施土家族苗族自治州,宣恩县,422825000000
湖北省,恩施土家族苗族自治州,咸丰县,422826000000
湖北省,恩施土家族苗族自治州,来凤县,422827000000
湖北省,恩施土家族苗族自治州,鹤峰县,422828000000
湖北省,省直辖县级行政区划,仙桃市,429004000000
湖北省,省直辖县级行政区划,潜江市,429005000000
湖北省,省直辖县级行政区划,天门市,429006000000
湖北省,省直辖县级行政区划,神农架林区,429021000000
北京市,NA,NA,11
北京市,市辖区,NA,110100000000
北京市,市辖区,东城区,110101000000
北京市,市辖区,西城区,110102000000
北京市,市辖区,朝阳区,110105000000
北京市,市辖区,丰台区,110106000000
北京市,市辖区,石景山区,110107000000
北京市,市辖区,海淀区,110108000000
北京市,市辖区,门头沟区,110109000000
北京市,市辖区,房山区,110111000000
北京市,市辖区,通州区,110112000000
北京市,市辖区,顺义区,110113000000
北京市,市辖区,昌平区,110114000000
北京市,市辖区,大兴区,110115000000
北京市,市辖区,怀柔区,110116000000
北京市,市辖区,平谷区,110117000000
北京市,市辖区,密云区,110118000000
北京市,市辖区,延庆区,110119000000
辽宁省,NA,NA,21
辽宁省,沈阳市,NA,210100000000
辽宁省,大连市,NA,210200000000
辽宁省,鞍山市,NA,210300000000
辽宁省,抚顺市,NA,210400000000
辽宁省,本溪市,NA,210500000000
辽宁省,丹东市,NA,210600000000
辽宁省,锦州市,NA,210700000000
辽宁省,营口市,NA,210800000000
辽宁省,阜新市,NA,210900000000
辽宁省,辽阳市,NA,211000000000
辽宁省,盘锦市,NA,211100000000
辽宁省,铁岭市,NA,211200000000
辽宁省,朝阳市,NA,211300000000
辽宁省,葫芦岛市,NA,211400000000
辽宁省,沈阳市,市辖区,210101000000
辽宁省,沈阳市,和平区,210102000000
辽宁省,沈阳市,沈河区,210103000000
辽宁省,沈阳市,大东区,210104000000
辽宁省,沈阳市,皇姑区,210105000000
辽宁省,沈阳市,铁西区,210106000000
辽宁省,沈阳市,苏家屯区,210111000000
辽宁省,沈阳市,浑南区,210112000000
辽宁省,沈阳市,沈北新区,210113000000
辽宁省,沈阳市,于洪区,210114000000
辽宁省,沈阳市,辽中区,210115000000
辽宁省,沈阳市,康平县,210123000000
辽宁省,沈阳市,法库县,210124000000
辽宁省,沈阳市,新民市,210181000000
辽宁省,大连市,市辖区,210201000000
辽宁省,大连市,中山区,210202000000
辽宁省,大连市,西岗区,210203000000
辽宁省,大连市,沙河口区,210204000000
辽宁省,大连市,甘井子区,210211000000
辽宁省,大连市,旅顺口区,210212000000
辽宁省,大连市,金州区,210213000000
辽宁省,大连市,普兰店区,210214000000
辽宁省,大连市,长海县,210224000000
辽宁省,大连市,瓦房店市,210281000000
辽宁省,大连市,庄河市,210283000000
辽宁省,鞍山市,市辖区,210301000000
辽宁省,鞍山市,铁东区,210302000000
辽宁省,鞍山市,铁西区,210303000000
辽宁省,鞍山市,立山区,210304000000
辽宁省,鞍山市,千山区,210311000000
辽宁省,鞍山市,台安县,210321000000
辽宁省,鞍山市,岫岩满族自治县,210323000000
辽宁省,鞍山市,海城市,210381000000
辽宁省,抚顺市,市辖区,210401000000
辽宁省,抚顺市,新抚区,210402000000
辽宁省,抚顺市,东洲区,210403000000
辽宁省,抚顺市,望花区,210404000000
辽宁省,抚顺市,顺城区,210411000000
辽宁省,抚顺市,抚顺县,210421000000
辽宁省,抚顺市,新宾满族自治县,210422000000
辽宁省,抚顺市,清原满族自治县,210423000000
辽宁省,本溪市,市辖区,210501000000
辽宁省,本溪市,平山区,210502000000
辽宁省,本溪市,溪湖区,210503000000
辽宁省,本溪市,明山区,210504000000
辽宁省,本溪市,南芬区,210505000000
辽宁省,本溪市,本溪满族自治县,210521000000
辽宁省,本溪市,桓仁满族自治县,210522000000
辽宁省,丹东市,市辖区,210601000000
辽宁省,丹东市,元宝区,210602000000
辽宁省,丹东市,振兴区,210603000000
辽宁省,丹东市,振安区,210604000000
辽宁省,丹东市,宽甸满族自治县,210624000000
辽宁省,丹东市,东港市,210681000000
辽宁省,丹东市,凤城市,210682000000
辽宁省,锦州市,市辖区,210701000000
辽宁省,锦州市,古塔区,210702000000
辽宁省,锦州市,凌河区,210703000000
辽宁省,锦州市,太和区,210711000000
辽宁省,锦州市,黑山县,210726000000
辽宁省,锦州市,义县,210727000000
辽宁省,锦州市,凌海市,210781000000
辽宁省,锦州市,北镇市,210782000000
辽宁省,营口市,市辖区,210801000000
辽宁省,营口市,站前区,210802000000
辽宁省,营口市,西市区,210803000000
辽宁省,营口市,鲅鱼圈区,210804000000
辽宁省,营口市,老边区,210811000000
辽宁省,营口市,盖州市,210881000000
辽宁省,营口市,大石桥市,210882000000
辽宁省,阜新市,市辖区,210901000000
辽宁省,阜新市,海州区,210902000000
辽宁省,阜新市,新邱区,210903000000
辽宁省,阜新市,太平区,210904000000
辽宁省,阜新市,清河门区,210905000000
辽宁省,阜新市,细河区,210911000000
辽宁省,阜新市,阜新蒙古族自治县,210921000000
辽宁省,阜新市,彰武县,210922000000
辽宁省,辽阳市,市辖区,211001000000
辽宁省,辽阳市,白塔区,211002000000
辽宁省,辽阳市,文圣区,211003000000
辽宁省,辽阳市,宏伟区,211004000000
辽宁省,辽阳市,弓长岭区,211005000000
辽宁省,辽阳市,太子河区,211011000000
辽宁省,辽阳市,辽阳县,211021000000
辽宁省,辽阳市,灯塔市,211081000000
辽宁省,盘锦市,市辖区,211101000000
辽宁省,盘锦市,双台子区,211102000000
辽宁省,盘锦市,兴隆台区,211103000000
辽宁省,盘锦市,大洼区,211104000000
辽宁省,盘锦市,盘山县,211122000000
辽宁省,铁岭市,市辖区,211201000000
辽宁省,铁岭市,银州区,211202000000
辽宁省,铁岭市,清河区,211204000000
辽宁省,铁岭市,铁岭县,211221000000
辽宁省,铁岭市,西丰县,211223000000
辽宁省,铁岭市,昌图县,211224000000
辽宁省,铁岭市,调兵山市,211281000000
辽宁省,铁岭市,开原市,211282000000
辽宁省,朝阳市,市辖区,211301000000
辽宁省,朝阳市,双塔区,211302000000
辽宁省,朝阳市,龙城区,211303000000
辽宁省,朝阳市,朝阳县,211321000000
辽宁省,朝阳市,建平县,211322000000
辽宁省,朝阳市,喀喇沁左翼蒙古族自治县,211324000000
辽宁省,朝阳市,北票市,211381000000
辽宁省,朝阳市,凌源市,211382000000
辽宁省,葫芦岛市,市辖区,211401000000
辽宁省,葫芦岛市,连山区,211402000000
辽宁省,葫芦岛市,龙港区,211403000000
辽宁省,葫芦岛市,南票区,211404000000
辽宁省,葫芦岛市,绥中县,211421000000
辽宁省,葫芦岛市,建昌县,211422000000
辽宁省,葫芦岛市,兴城市,211481000000
甘肃省,NA,NA,62
甘肃省,兰州市,NA,620100000000
甘肃省,嘉峪关市,NA,620200000000
甘肃省,金昌市,NA,620300000000
甘肃省,白银市,NA,620400000000
甘肃省,天水市,NA,620500000000
甘肃省,武威市,NA,620600000000
甘肃省,张掖市,NA,620700000000
甘肃省,平凉市,NA,620800000000
甘肃省,酒泉市,NA,620900000000
甘肃省,庆阳市,NA,621000000000
甘肃省,定西市,NA,621100000000
甘肃省,陇南市,NA,621200000000
甘肃省,临夏回族自治州,NA,622900000000
甘肃省,甘南藏族自治州,NA,623000000000
甘肃省,兰州市,市辖区,620101000000
甘肃省,兰州市,城关区,620102000000
甘肃省,兰州市,七里河区,620103000000
甘肃省,兰州市,西固区,620104000000
甘肃省,兰州市,安宁区,620105000000
甘肃省,兰州市,红古区,620111000000
甘肃省,兰州市,永登县,620121000000
甘肃省,兰州市,皋兰县,620122000000
甘肃省,兰州市,榆中县,620123000000
甘肃省,兰州市,兰州新区,620171000000
甘肃省,嘉峪关市,市辖区,620201000000
甘肃省,金昌市,市辖区,620301000000
甘肃省,金昌市,金川区,620302000000
甘肃省,金昌市,永昌县,620321000000
甘肃省,白银市,市辖区,620401000000
甘肃省,白银市,白银区,620402000000
甘肃省,白银市,平川区,620403000000
甘肃省,白银市,靖远县,620421000000
甘肃省,白银市,会宁县,620422000000
甘肃省,白银市,景泰县,620423000000
甘肃省,天水市,市辖区,620501000000
甘肃省,天水市,秦州区,620502000000
甘肃省,天水市,麦积区,620503000000
甘肃省,天水市,清水县,620521000000
甘肃省,天水市,秦安县,620522000000
甘肃省,天水市,甘谷县,620523000000
甘肃省,天水市,武山县,620524000000
甘肃省,天水市,张家川回族自治县,620525000000
甘肃省,武威市,市辖区,620601000000
甘肃省,武威市,凉州区,620602000000
甘肃省,武威市,民勤县,620621000000
甘肃省,武威市,古浪县,620622000000
甘肃省,武威市,天祝藏族自治县,620623000000
甘肃省,张掖市,市辖区,620701000000
甘肃省,张掖市,甘州区,620702000000
甘肃省,张掖市,肃南裕固族自治县,620721000000
甘肃省,张掖市,民乐县,620722000000
甘肃省,张掖市,临泽县,620723000000
甘肃省,张掖市,高台县,620724000000
甘肃省,张掖市,山丹县,620725000000
甘肃省,平凉市,市辖区,620801000000
甘肃省,平凉市,崆峒区,620802000000
甘肃省,平凉市,泾川县,620821000000
甘肃省,平凉市,灵台县,620822000000
甘肃省,平凉市,崇信县,620823000000
甘肃省,平凉市,庄浪县,620825000000
甘肃省,平凉市,静宁县,620826000000
甘肃省,平凉市,华亭市,620881000000
甘肃省,酒泉市,市辖区,620901000000
甘肃省,酒泉市,肃州区,620902000000
甘肃省,酒泉市,金塔县,620921000000
甘肃省,酒泉市,瓜州县,620922000000
甘肃省,酒泉市,肃北蒙古族自治县,620923000000
甘肃省,酒泉市,阿克塞哈萨克族自治县,620924000000
甘肃省,酒泉市,玉门市,620981000000
甘肃省,酒泉市,敦煌市,620982000000
甘肃省,庆阳市,市辖区,621001000000
甘肃省,庆阳市,西峰区,621002000000
甘肃省,庆阳市,庆城县,621021000000
甘肃省,庆阳市,环县,621022000000
甘肃省,庆阳市,华池县,621023000000
甘肃省,庆阳市,合水县,621024000000
甘肃省,庆阳市,正宁县,621025000000
甘肃省,庆阳市,宁县,621026000000
甘肃省,庆阳市,镇原县,621027000000
甘肃省,定西市,市辖区,621101000000
甘肃省,定西市,安定区,621102000000
甘肃省,定西市,通渭县,621121000000
甘肃省,定西市,陇西县,621122000000
甘肃省,定西市,渭源县,621123000000
甘肃省,定西市,临洮县,621124000000
甘肃省,定西市,漳县,621125000000
甘肃省,定西市,岷县,621126000000
甘肃省,陇南市,市辖区,621201000000
甘肃省,陇南市,武都区,621202000000
甘肃省,陇南市,成县,621221000000
甘肃省,陇南市,文县,621222000000
甘肃省,陇南市,宕昌县,621223000000
甘肃省,陇南市,康县,621224000000
甘肃省,陇南市,西和县,621225000000
甘肃省,陇南市,礼县,621226000000
甘肃省,陇南市,徽县,621227000000
甘肃省,陇南市,两当县,621228000000
甘肃省,临夏回族自治州,临夏市,622901000000
甘肃省,临夏回族自治州,临夏县,622921000000
甘肃省,临夏回族自治州,康乐县,622922000000
甘肃省,临夏回族自治州,永靖县,622923000000
甘肃省,临夏回族自治州,广河县,622924000000
甘肃省,临夏回族自治州,和政县,622925000000
甘肃省,临夏回族自治州,东乡族自治县,622926000000
甘肃省,临夏回族自治州,积石山保安族东乡族撒拉族自治县,622927000000
甘肃省,甘南藏族自治州,合作市,623001000000
甘肃省,甘南藏族自治州,临潭县,623021000000
甘肃省,甘南藏族自治州,卓尼县,623022000000
甘肃省,甘南藏族自治州,舟曲县,623023000000
甘肃省,甘南藏族自治州,迭部县,623024000000
甘肃省,甘南藏族自治州,玛曲县,623025000000
甘肃省,甘南藏族自治州,碌曲县,623026000000
甘肃省,甘南藏族自治州,夏河县,623027000000
